,number_of_cores,core_freq,gpu_freq,emc_freq,inference_time,power_consumption
0,0.0,0.45454545454545453,1.0,0.0,0.2406254874335395,3435.5555555555547
1,0.0,0.45454545454545453,1.0,0.3344947735191638,0.2288426823086209,2919.111111111111
2,0.0,0.45454545454545453,1.0,0.6689895470383276,0.21642390886942545,2978.222222222222
3,0.0,0.45454545454545453,1.0,1.0,0.2096099853515625,3019.666666666666
4,0.0,0.45454545454545453,0.0,0.0,0.929361793729994,3012.4444444444453
5,0.0,0.45454545454545453,0.0,0.3344947735191638,0.8771874374813504,3199.0
6,0.0,0.45454545454545453,0.0,0.6689895470383276,0.8748088942633735,3267.4444444444453
7,0.0,0.45454545454545453,0.0,1.0,0.8875250816345215,3114.5555555555547
8,0.0,0.45454545454545453,0.3076923076923077,0.0,0.3644826942019993,2141.8888888888887
9,0.0,0.45454545454545453,0.3076923076923077,0.3344947735191638,0.32803286446465385,2175.222222222222
10,0.0,0.45454545454545453,0.3076923076923077,0.6689895470383276,0.3123288419511583,2243.444444444445
11,0.0,0.45454545454545453,0.3076923076923077,1.0,0.3074166774749756,2225.6666666666665
12,0.0,0.45454545454545453,0.6923076923076923,0.0,0.26233792304992676,1895.4444444444448
13,0.0,0.45454545454545453,0.6923076923076923,0.3344947735191638,0.2327976226806641,1938.2222222222226
14,0.0,0.45454545454545453,0.6923076923076923,0.6689895470383276,0.220097992155287,2006.0
15,0.0,0.45454545454545453,0.6923076923076923,1.0,0.21216885248819986,2013.5555555555552
16,0.0,0.5454545454545454,1.0,0.0,0.2276897430419922,2910.666666666666
17,0.0,0.5454545454545454,1.0,0.3344947735191638,0.20675251219007704,3071.333333333334
18,0.0,0.5454545454545454,1.0,0.6689895470383276,0.1947422292497423,3307.666666666666
19,0.0,0.5454545454545454,1.0,1.0,0.1866726610395643,3196.888888888889
20,0.0,0.5454545454545454,0.0,0.0,0.8852633635203043,3207.666666666666
21,0.0,0.5454545454545454,0.0,0.3344947735191638,0.9114180670844184,3544.4444444444453
22,0.0,0.5454545454545454,0.0,0.6689895470383276,0.8790930906931559,3825.555555555556
23,0.0,0.5454545454545454,0.0,1.0,0.8726058536105685,3924.666666666666
24,0.0,0.5454545454545454,0.3076923076923077,0.0,0.3241491847568088,2183.777777777778
25,0.0,0.5454545454545454,0.3076923076923077,0.3344947735191638,0.3312879138522678,2133.222222222222
26,0.0,0.5454545454545454,0.3076923076923077,0.6689895470383276,0.2960083484649658,2454.1111111111113
27,0.0,0.5454545454545454,0.3076923076923077,1.0,0.2892779244316949,2479.777777777778
28,0.0,0.5454545454545454,0.6923076923076923,0.0,0.2350917127397325,1929.666666666667
29,0.0,0.5454545454545454,0.6923076923076923,0.3344947735191638,0.2140843603346083,2022.888888888889
30,0.0,0.5454545454545454,0.6923076923076923,0.6689895470383276,0.20028214984469944,2081.555555555555
31,0.0,0.5454545454545454,0.6923076923076923,1.0,0.19611822234259713,2106.6666666666665
32,0.0,0.6363636363636364,1.0,0.0,0.214149448606703,3045.666666666666
33,0.0,0.6363636363636364,1.0,0.3344947735191638,0.19471881124708387,3164.4444444444453
34,0.0,0.6363636363636364,1.0,0.6689895470383276,0.1762568155924479,3256.4444444444453
35,0.0,0.6363636363636364,1.0,1.0,0.17546187506781685,3281.666666666666
36,0.0,0.6363636363636364,0.0,0.0,0.9126342402564156,3604.111111111111
37,0.0,0.6363636363636364,0.0,0.3344947735191638,0.8765067524380155,3867.888888888889
38,0.0,0.6363636363636364,0.0,0.6689895470383276,0.8729379706912571,4022.0
39,0.0,0.6363636363636364,0.0,1.0,0.8966322475009494,4304.88888888889
40,0.0,0.6363636363636364,0.3076923076923077,0.0,0.31138367123074,2345.0
41,0.0,0.6363636363636364,0.3076923076923077,0.3344947735191638,0.2969936529795329,2497.444444444445
42,0.0,0.6363636363636364,0.3076923076923077,0.6689895470383276,0.28926626841227215,2530.777777777778
43,0.0,0.6363636363636364,0.3076923076923077,1.0,0.28480953640407985,2556.0
44,0.0,0.6363636363636364,0.6923076923076923,0.0,0.23023366928100586,2048.3333333333335
45,0.0,0.6363636363636364,0.6923076923076923,0.3344947735191638,0.20963234371609155,2149.6666666666665
46,0.0,0.6363636363636364,0.6923076923076923,0.6689895470383276,0.20124419530232748,2140.444444444445
47,0.0,0.6363636363636364,0.6923076923076923,1.0,0.19152937995062935,2242.222222222222
48,0.0,0.7272727272727273,1.0,0.0,0.20246140162150064,3164.5555555555547
49,0.0,0.7272727272727273,1.0,0.3344947735191638,0.1868216726515028,3198.0
50,0.0,0.7272727272727273,1.0,0.6689895470383276,0.16656708717346191,3493.333333333334
51,0.0,0.7272727272727273,1.0,1.0,0.16520767741733128,3424.5555555555547
52,0.0,0.7272727272727273,0.0,0.0,0.8841147687700059,3885.0
53,0.0,0.7272727272727273,0.0,0.3344947735191638,0.8929042286343045,4199.0
54,0.0,0.7272727272727273,0.0,0.6689895470383276,0.8740417957305908,4562.444444444444
55,0.0,0.7272727272727273,0.0,1.0,0.8704550266265869,4567.0
56,0.0,0.7272727272727273,0.3076923076923077,0.0,0.3072413073645698,2455.1111111111113
57,0.0,0.7272727272727273,0.3076923076923077,0.3344947735191638,0.298243072297838,2530.8888888888887
58,0.0,0.7272727272727273,0.3076923076923077,0.6689895470383276,0.2909338739183214,2665.8888888888887
59,0.0,0.7272727272727273,0.3076923076923077,1.0,0.2860744264390733,2708.0
60,0.0,0.7272727272727273,0.6923076923076923,0.0,0.22388617197672525,2065.1111111111113
61,0.0,0.7272727272727273,0.6923076923076923,0.3344947735191638,0.20135389433966744,2115.3333333333335
62,0.0,0.7272727272727273,0.6923076923076923,0.6689895470383276,0.19213453928629556,2242.1111111111113
63,0.0,0.7272727272727273,0.6923076923076923,1.0,0.187518040339152,2318.0
64,0.0,0.8181818181818182,1.0,0.0,0.1937199698554145,3383.666666666666
65,0.0,0.8181818181818182,1.0,0.3344947735191638,0.1756196551852756,3451.333333333334
66,0.0,0.8181818181818182,1.0,0.6689895470383276,0.16550789939032662,3467.888888888889
67,0.0,0.8181818181818182,1.0,1.0,0.1597671773698595,3652.666666666666
68,0.0,0.8181818181818182,0.0,0.0,0.8871350023481581,4098.222222222223
69,0.0,0.8181818181818182,0.0,0.3344947735191638,0.8771526548597548,4562.555555555556
70,0.0,0.8181818181818182,0.0,0.6689895470383276,0.8716949621836344,4630.88888888889
71,0.0,0.8181818181818182,0.0,1.0,0.8957256476084391,5032.222222222223
72,0.0,0.8181818181818182,0.3076923076923077,0.0,0.3042534987131755,2471.6666666666665
73,0.0,0.8181818181818182,0.3076923076923077,0.3344947735191638,0.29604970084296334,2640.6666666666665
74,0.0,0.8181818181818182,0.3076923076923077,0.6689895470383276,0.29055656327141655,2775.5555555555547
75,0.0,0.8181818181818182,0.3076923076923077,1.0,0.2870495584275987,2834.5555555555547
76,0.0,0.8181818181818182,0.6923076923076923,0.0,0.2302230993906657,2403.6666666666665
77,0.0,0.8181818181818182,0.6923076923076923,0.3344947735191638,0.2056809796227349,2597.555555555555
78,0.0,0.8181818181818182,0.6923076923076923,0.6689895470383276,0.19273601637946236,2699.1111111111113
79,0.0,0.8181818181818182,0.6923076923076923,1.0,0.1814351346757677,2360.0
80,0.0,0.9090909090909091,1.0,0.0,0.19066294034322104,3315.777777777778
81,0.0,0.9090909090909091,1.0,0.3344947735191638,0.17327883508470324,3535.5555555555547
82,0.0,0.9090909090909091,1.0,0.6689895470383276,0.16014001104566786,3679.0
83,0.0,0.9090909090909091,1.0,1.0,0.1547987461090088,3745.666666666666
84,0.0,0.9090909090909091,0.0,0.0,0.9134692351023356,4426.555555555556
85,0.0,0.9090909090909091,0.0,0.3344947735191638,0.8723035653432211,4630.88888888889
86,0.0,0.9090909090909091,0.0,0.6689895470383276,0.8894865777757432,5188.777777777777
87,0.0,0.9090909090909091,0.0,1.0,0.8794349564446343,4939.11111111111
88,0.0,0.9090909090909091,0.3076923076923077,0.0,0.3046588102976481,2598.3333333333335
89,0.0,0.9090909090909091,0.3076923076923077,0.3344947735191638,0.2996435695224338,2784.111111111111
90,0.0,0.9090909090909091,0.3076923076923077,0.6689895470383276,0.303209834628635,3181.777777777778
91,0.0,0.9090909090909091,0.3076923076923077,1.0,0.2990448739793565,3223.777777777778
92,0.0,0.9090909090909091,0.6923076923076923,0.0,0.2327387068006727,2742.0
93,0.0,0.9090909090909091,0.6923076923076923,0.3344947735191638,0.2181434366438124,3148.222222222222
94,0.0,0.9090909090909091,0.6923076923076923,0.6689895470383276,0.21215579244825575,3342.666666666666
95,0.0,0.9090909090909091,0.6923076923076923,1.0,0.17779986063639322,2740.555555555555
96,0.0,1.0,1.0,0.0,0.1880152490403917,3366.666666666666
97,0.0,1.0,1.0,0.3344947735191638,0.16796758439805773,3594.666666666666
98,0.0,1.0,1.0,0.6689895470383276,0.156434694925944,3805.222222222222
99,0.0,1.0,1.0,1.0,0.15089331732855904,3914.222222222222
100,0.0,1.0,0.0,0.0,0.8822225464714898,4571.0
101,0.0,1.0,0.0,0.3344947735191638,0.8998923036787245,5104.333333333333
102,0.0,1.0,0.0,0.6689895470383276,0.8680573039584689,5248.444444444444
103,0.0,1.0,0.0,1.0,0.8660826418134902,5454.666666666667
104,0.0,1.0,0.3076923076923077,0.0,0.3038917912377251,2606.6666666666665
105,0.0,1.0,0.3076923076923077,0.3344947735191638,0.32088526089986164,3241.333333333334
106,0.0,1.0,0.3076923076923077,0.6689895470383276,0.3245823383331299,3529.0
107,0.0,1.0,0.3076923076923077,1.0,0.31373609436882866,3637.444444444444
108,0.0,1.0,0.6923076923076923,0.0,0.2264534102545845,2750.333333333334
109,0.0,1.0,0.6923076923076923,0.3344947735191638,0.221515867445204,3309.0
110,0.0,1.0,0.6923076923076923,0.6689895470383276,0.1986126634809706,2656.555555555555
111,0.0,1.0,0.6923076923076923,1.0,0.2025227811601427,3527.777777777778
112,0.0,0.0,1.0,0.0,1.0758571094936795,2074.777777777778
113,0.0,0.0,1.0,0.3344947735191638,1.0170828766292996,2133.222222222222
114,0.0,0.0,1.0,0.6689895470383276,0.9799365467495388,2183.6666666666665
115,0.0,0.0,1.0,1.0,0.9724299907684326,2141.1111111111113
116,0.0,0.0,0.0,0.0,1.2043610678778751,1117.3333333333333
117,0.0,0.0,0.0,0.3344947735191638,1.1830704477098253,1091.6666666666667
118,0.0,0.0,0.0,0.6689895470383276,1.1747479173872206,1116.6666666666667
119,0.0,0.0,0.0,1.0,1.1779211097293432,1133.5555555555557
120,0.0,0.0,0.3076923076923077,0.0,1.0463220808241105,1176.7777777777776
121,0.0,0.0,0.3076923076923077,0.3344947735191638,1.0026775730980768,1193.6666666666667
122,0.0,0.0,0.3076923076923077,0.6689895470383276,0.9887048933241104,1219.0
123,0.0,0.0,0.3076923076923077,1.0,0.979629675547282,1210.4444444444443
124,0.0,0.0,0.6923076923076923,0.0,1.0482801066504583,1414.2222222222226
125,0.0,0.0,0.6923076923076923,0.3344947735191638,1.0163023206922743,1439.5555555555554
126,0.0,0.0,0.6923076923076923,0.6689895470383276,1.1194987561967638,1345.5555555555557
127,0.0,0.0,0.6923076923076923,1.0,0.9846202797359892,1447.111111111111
128,0.0,0.09090909090909091,1.0,0.0,0.6727670298682319,2531.6666666666665
129,0.0,0.09090909090909091,1.0,0.3344947735191638,0.6703701549106174,2700.777777777778
130,0.0,0.09090909090909091,1.0,0.6689895470383276,0.6297560003068712,2666.444444444445
131,0.0,0.09090909090909091,1.0,1.0,0.6128489971160889,2657.3333333333335
132,0.0,0.09090909090909091,0.0,0.0,1.091576920615302,1616.888888888889
133,0.0,0.09090909090909091,0.0,0.3344947735191638,1.0640621185302734,1659.111111111111
134,0.0,0.09090909090909091,0.0,0.6689895470383276,1.0560681025187175,1658.111111111111
135,0.0,0.09090909090909091,0.0,1.0,1.050615628560384,1691.888888888889
136,0.0,0.09090909090909091,0.3076923076923077,0.0,0.6664948728349473,1413.7777777777774
137,0.0,0.09090909090909091,0.3076923076923077,0.3344947735191638,0.6631525092654758,1524.0
138,0.0,0.09090909090909091,0.3076923076923077,0.6689895470383276,0.6228683259752061,1472.888888888889
139,0.0,0.09090909090909091,0.3076923076923077,1.0,0.6074526839786105,1515.111111111111
140,0.0,0.09090909090909091,0.6923076923076923,0.0,0.6537872155507406,1710.0
141,0.0,0.09090909090909091,0.6923076923076923,0.3344947735191638,0.6518559455871582,1828.4444444444448
142,0.0,0.09090909090909091,0.6923076923076923,0.6689895470383276,0.6521981292300754,1853.888888888889
143,0.0,0.09090909090909091,0.6923076923076923,1.0,0.627281109491984,1861.7777777777774
144,0.0,0.18181818181818182,1.0,0.0,0.5109666983286539,2725.777777777778
145,0.0,0.18181818181818182,1.0,0.3344947735191638,0.4637411700354682,2632.555555555555
146,0.0,0.18181818181818182,1.0,0.6689895470383276,0.4454379081726074,2928.666666666666
147,0.0,0.18181818181818182,1.0,1.0,0.3848632441626655,2470.555555555555
148,0.0,0.18181818181818182,0.0,0.0,1.0117989116244843,1863.666666666667
149,0.0,0.18181818181818182,0.0,0.3344947735191638,1.0281581613752575,2015.333333333333
150,0.0,0.18181818181818182,0.0,0.6689895470383276,1.0298628012339277,2208.0
151,0.0,0.18181818181818182,0.0,1.0,1.0056296719445124,2258.6666666666665
152,0.0,0.18181818181818182,0.3076923076923077,0.0,0.4938994248708089,1727.2222222222226
153,0.0,0.18181818181818182,0.3076923076923077,0.3344947735191638,0.44857944382561576,1650.888888888889
154,0.0,0.18181818181818182,0.3076923076923077,0.6689895470383276,0.4315599070654975,1625.4444444444446
155,0.0,0.18181818181818182,0.3076923076923077,1.0,0.3886555035909017,1481.0
156,0.0,0.18181818181818182,0.6923076923076923,0.0,0.4705977439880371,1752.333333333333
157,0.0,0.18181818181818182,0.6923076923076923,0.3344947735191638,0.4073656664954291,1786.666666666667
158,0.0,0.18181818181818182,0.6923076923076923,0.6689895470383276,0.4624786641862657,1574.2222222222226
159,0.0,0.18181818181818182,0.6923076923076923,1.0,0.4177368746863471,2056.3333333333335
160,0.0,0.2727272727272727,1.0,0.0,0.3435298601786296,2454.555555555555
161,0.0,0.2727272727272727,1.0,0.3344947735191638,0.31678419642978245,2564.444444444445
162,0.0,0.2727272727272727,1.0,0.6689895470383276,0.3075712521870931,2563.777777777778
163,0.0,0.2727272727272727,1.0,1.0,0.2907574441697862,2580.444444444445
164,0.0,0.2727272727272727,0.0,0.0,0.9772363503774008,2294.555555555555
165,0.0,0.2727272727272727,0.0,0.3344947735191638,0.9537355369991728,2387.3333333333335
166,0.0,0.2727272727272727,0.0,0.6689895470383276,0.9559637970394559,2487.3333333333335
167,0.0,0.2727272727272727,0.0,1.0,0.9431348906622992,2504.444444444445
168,0.0,0.2727272727272727,0.3076923076923077,0.0,0.4385489887661404,1904.888888888889
169,0.0,0.2727272727272727,0.3076923076923077,0.3344947735191638,0.3876690864562988,1845.4444444444448
170,0.0,0.2727272727272727,0.3076923076923077,0.6689895470383276,0.3878294891781277,1887.888888888889
171,0.0,0.2727272727272727,0.3076923076923077,1.0,0.3776724338531494,1971.4444444444448
172,0.0,0.2727272727272727,0.6923076923076923,0.0,0.4404539797041151,1752.4444444444446
173,0.0,0.2727272727272727,0.6923076923076923,0.3344947735191638,0.3086669445037842,1701.333333333333
174,0.0,0.2727272727272727,0.6923076923076923,0.6689895470383276,0.3009410169389513,1718.111111111111
175,0.0,0.2727272727272727,0.6923076923076923,1.0,0.30150553915235734,1878.666666666667
176,0.0,0.36363636363636365,1.0,0.0,0.28739894760979545,2733.1111111111113
177,0.0,0.36363636363636365,1.0,0.3344947735191638,0.26746177673339844,2927.888888888889
178,0.0,0.36363636363636365,1.0,0.6689895470383276,0.25855183601379395,3071.5555555555547
179,0.0,0.36363636363636365,1.0,1.0,0.2478732532925076,2901.5555555555547
180,0.0,0.36363636363636365,0.0,0.0,1.007890807257758,2870.5555555555547
181,0.0,0.36363636363636365,0.0,0.3344947735191638,0.9446433385213217,2876.777777777778
182,0.0,0.36363636363636365,0.0,0.6689895470383276,0.940612898932563,2901.4444444444453
183,0.0,0.36363636363636365,0.0,1.0,0.9128043121761746,3029.0
184,0.0,0.36363636363636365,0.3076923076923077,0.0,0.3881389829847548,2040.0
185,0.0,0.36363636363636365,0.3076923076923077,0.3344947735191638,0.3708762062920464,2073.777777777778
186,0.0,0.36363636363636365,0.3076923076923077,0.6689895470383276,0.3576171663072374,2090.777777777778
187,0.0,0.36363636363636365,0.3076923076923077,1.0,0.3442345725165473,2132.444444444445
188,0.0,0.36363636363636365,0.6923076923076923,0.0,0.3700687620374892,1879.2222222222226
189,0.0,0.36363636363636365,0.6923076923076923,0.3344947735191638,0.2653101550208198,1980.4444444444448
190,0.0,0.36363636363636365,0.6923076923076923,0.6689895470383276,0.2569698492685954,1861.666666666667
191,0.0,0.36363636363636365,0.6923076923076923,1.0,0.24271117316351998,1903.888888888889
192,0.3333333333333333,0.45454545454545453,1.0,0.0,0.2575966517130534,4730.666666666667
193,0.3333333333333333,0.45454545454545453,1.0,0.3344947735191638,0.2257016764746772,5271.444444444444
194,0.3333333333333333,0.45454545454545453,1.0,0.6689895470383276,0.21021217770046655,5482.555555555556
195,0.3333333333333333,0.45454545454545453,1.0,1.0,0.20893589655558267,5565.333333333332
196,0.3333333333333333,0.45454545454545453,0.0,0.0,0.9266382058461508,4417.666666666667
197,0.3333333333333333,0.45454545454545453,0.0,0.3344947735191638,0.9205439620547824,4705.0
198,0.3333333333333333,0.45454545454545453,0.0,0.6689895470383276,0.9166247844696044,4806.11111111111
199,0.3333333333333333,0.45454545454545453,0.0,1.0,0.9030365678999158,4982.222222222223
200,0.3333333333333333,0.45454545454545453,0.3076923076923077,0.0,0.3764838377634685,3183.111111111111
201,0.3333333333333333,0.45454545454545453,0.3076923076923077,0.3344947735191638,0.3647520807054307,3361.333333333334
202,0.3333333333333333,0.45454545454545453,0.3076923076923077,0.6689895470383276,0.347043514251709,3427.888888888889
203,0.3333333333333333,0.45454545454545453,0.3076923076923077,1.0,0.3402536710103353,3418.5555555555547
204,0.3333333333333333,0.45454545454545453,0.6923076923076923,0.0,0.2877637810177273,3486.777777777778
205,0.3333333333333333,0.45454545454545453,0.6923076923076923,0.3344947735191638,0.2457013395097521,3503.888888888889
206,0.3333333333333333,0.45454545454545453,0.6923076923076923,0.6689895470383276,0.24853298399183485,3672.666666666666
207,0.3333333333333333,0.45454545454545453,0.6923076923076923,1.0,0.24699176682366264,3807.444444444444
208,0.3333333333333333,0.5454545454545454,1.0,0.0,0.24972584512498644,5305.333333333333
209,0.3333333333333333,0.5454545454545454,1.0,0.3344947735191638,0.21474756134880912,5576.0
210,0.3333333333333333,0.5454545454545454,1.0,0.6689895470383276,0.20884291330973306,5652.0
211,0.3333333333333333,0.5454545454545454,1.0,1.0,0.20168471336364746,5709.0
212,0.3333333333333333,0.5454545454545454,0.0,0.0,0.9279265138838028,4720.777777777777
213,0.3333333333333333,0.5454545454545454,0.0,0.3344947735191638,0.896153105629815,5018.333333333333
214,0.3333333333333333,0.5454545454545454,0.0,0.6689895470383276,0.9050168726179336,5213.555555555556
215,0.3333333333333333,0.5454545454545454,0.0,1.0,0.9137921863132052,5362.11111111111
216,0.3333333333333333,0.5454545454545454,0.3076923076923077,0.0,0.3740728431277805,3310.4444444444453
217,0.3333333333333333,0.5454545454545454,0.3076923076923077,0.3344947735191638,0.3544309404161241,3504.888888888889
218,0.3333333333333333,0.5454545454545454,0.3076923076923077,0.6689895470383276,0.3484542369842529,3656.444444444444
219,0.3333333333333333,0.5454545454545454,0.3076923076923077,1.0,0.34723133511013454,3816.888888888889
220,0.3333333333333333,0.5454545454545454,0.6923076923076923,0.0,0.2835687796274821,3664.222222222222
221,0.3333333333333333,0.5454545454545454,0.6923076923076923,0.3344947735191638,0.24347917238871256,3766.111111111111
222,0.3333333333333333,0.5454545454545454,0.6923076923076923,0.6689895470383276,0.25175023078918457,3985.888888888889
223,0.3333333333333333,0.5454545454545454,0.6923076923076923,1.0,0.2461082140604655,4095.111111111111
224,0.3333333333333333,0.6363636363636364,1.0,0.0,0.23123908042907715,5457.444444444444
225,0.3333333333333333,0.6363636363636364,1.0,0.3344947735191638,0.2269309891594781,5897.333333333332
226,0.3333333333333333,0.6363636363636364,1.0,0.6689895470383276,0.19907466570536295,5846.0
227,0.3333333333333333,0.6363636363636364,1.0,1.0,0.2098091973198785,5759.8888888888905
228,0.3333333333333333,0.6363636363636364,0.0,0.0,0.91643402311537,4916.0
229,0.3333333333333333,0.6363636363636364,0.0,0.3344947735191638,0.9018383026123048,5273.666666666667
230,0.3333333333333333,0.6363636363636364,0.0,0.6689895470383276,0.8993217415279813,5721.1111111111095
231,0.3333333333333333,0.6363636363636364,0.0,1.0,0.8955238395267062,5852.555555555556
232,0.3333333333333333,0.6363636363636364,0.3076923076923077,0.0,0.3632961644066705,3513.333333333334
233,0.3333333333333333,0.6363636363636364,0.3076923076923077,0.3344947735191638,0.3578160074022081,3817.777777777778
234,0.3333333333333333,0.6363636363636364,0.3076923076923077,0.6689895470383276,0.36015089352925617,4121.11111111111
235,0.3333333333333333,0.6363636363636364,0.3076923076923077,1.0,0.34926864835951066,4154.88888888889
236,0.3333333333333333,0.6363636363636364,0.6923076923076923,0.0,0.288148906495836,4147.11111111111
237,0.3333333333333333,0.6363636363636364,0.6923076923076923,0.3344947735191638,0.2799367639753554,4409.333333333333
238,0.3333333333333333,0.6363636363636364,0.6923076923076923,0.6689895470383276,0.2579699092441135,4333.11111111111
239,0.3333333333333333,0.6363636363636364,0.6923076923076923,1.0,0.25117309888203937,4526.222222222223
240,0.3333333333333333,0.7272727272727273,1.0,0.0,0.2324353059132894,5770.555555555556
241,0.3333333333333333,0.7272727272727273,1.0,0.3344947735191638,0.21677470207214355,6040.777777777777
242,0.3333333333333333,0.7272727272727273,1.0,0.6689895470383276,0.18469336297776964,6132.444444444444
243,0.3333333333333333,0.7272727272727273,1.0,1.0,0.18980063332451713,6342.444444444444
244,0.3333333333333333,0.7272727272727273,0.0,0.0,0.9125841988457574,5272.11111111111
245,0.3333333333333333,0.7272727272727273,0.0,0.3344947735191638,0.9040754106309681,5602.666666666668
246,0.3333333333333333,0.7272727272727273,0.0,0.6689895470383276,0.8852042622036405,5832.0
247,0.3333333333333333,0.7272727272727273,0.0,1.0,0.8685590161217583,6004.666666666668
248,0.3333333333333333,0.7272727272727273,0.3076923076923077,0.0,0.3800865279303657,3724.777777777778
249,0.3333333333333333,0.7272727272727273,0.3076923076923077,0.3344947735191638,0.34890182813008624,4029.444444444444
250,0.3333333333333333,0.7272727272727273,0.3076923076923077,0.6689895470383276,0.32382633950975204,4036.888888888889
251,0.3333333333333333,0.7272727272727273,0.3076923076923077,1.0,0.3037023279401991,4086.666666666666
252,0.3333333333333333,0.7272727272727273,0.6923076923076923,0.0,0.30544445249769425,4417.88888888889
253,0.3333333333333333,0.7272727272727273,0.6923076923076923,0.3344947735191638,0.2674912081824409,4544.88888888889
254,0.3333333333333333,0.7272727272727273,0.6923076923076923,0.6689895470383276,0.22509278191460505,4357.666666666667
255,0.3333333333333333,0.7272727272727273,0.6923076923076923,1.0,0.22364258766174314,4543.444444444444
256,0.3333333333333333,0.8181818181818182,1.0,0.0,0.23311289151509604,6167.777777777777
257,0.3333333333333333,0.8181818181818182,1.0,0.3344947735191638,0.2000730037689209,6158.666666666668
258,0.3333333333333333,0.8181818181818182,1.0,0.6689895470383276,0.19912523693508571,6834.333333333332
259,0.3333333333333333,0.8181818181818182,1.0,1.0,0.17672125498453775,6393.0
260,0.3333333333333333,0.8181818181818182,0.0,0.0,0.9063186115688748,5374.444444444444
261,0.3333333333333333,0.8181818181818182,0.0,0.3344947735191638,0.8861254586113824,5823.777777777777
262,0.3333333333333333,0.8181818181818182,0.0,0.6689895470383276,0.8941221502092149,6415.8888888888905
263,0.3333333333333333,0.8181818181818182,0.0,1.0,0.88565550910102,6436.1111111111095
264,0.3333333333333333,0.8181818181818182,0.3076923076923077,0.0,0.35488422711690265,3732.888888888889
265,0.3333333333333333,0.8181818181818182,0.3076923076923077,0.3344947735191638,0.3504938814375136,4172.777777777777
266,0.3333333333333333,0.8181818181818182,0.3076923076923077,0.6689895470383276,0.33418167961968315,4383.777777777777
267,0.3333333333333333,0.8181818181818182,0.3076923076923077,1.0,0.3104881180657281,4399.666666666667
268,0.3333333333333333,0.8181818181818182,0.6923076923076923,0.0,0.2816849814520942,4384.0
269,0.3333333333333333,0.8181818181818182,0.6923076923076923,0.3344947735191638,0.23564714855617944,4426.11111111111
270,0.3333333333333333,0.8181818181818182,0.6923076923076923,0.6689895470383276,0.21327243910895455,4315.333333333333
271,0.3333333333333333,0.8181818181818182,0.6923076923076923,1.0,0.21452630890740287,4619.666666666667
272,0.3333333333333333,0.9090909090909091,1.0,0.0,0.22169695960150826,6091.1111111111095
273,0.3333333333333333,0.9090909090909091,1.0,0.3344947735191638,0.20070208443535695,6514.1111111111095
274,0.3333333333333333,0.9090909090909091,1.0,0.6689895470383276,0.21094044049580893,7275.0
275,0.3333333333333333,0.9090909090909091,1.0,1.0,0.19905821482340494,6968.444444444444
276,0.3333333333333333,0.9090909090909091,0.0,0.0,0.9003594451480441,5832.333333333332
277,0.3333333333333333,0.9090909090909091,0.0,0.3344947735191638,0.8892338275909424,6264.666666666668
278,0.3333333333333333,0.9090909090909091,0.0,0.6689895470383276,0.8873753547668457,6552.222222222223
279,0.3333333333333333,0.9090909090909091,0.0,1.0,0.8816540771060519,6596.666666666668
280,0.3333333333333333,0.9090909090909091,0.3076923076923077,0.0,0.3280903233422173,3952.555555555556
281,0.3333333333333333,0.9090909090909091,0.3076923076923077,0.3344947735191638,0.34248942799038357,4383.555555555556
282,0.3333333333333333,0.9090909090909091,0.3076923076923077,0.6689895470383276,0.32885122299194336,4578.777777777777
283,0.3333333333333333,0.9090909090909091,0.3076923076923077,1.0,0.31558953391181105,4567.88888888889
284,0.3333333333333333,0.9090909090909091,0.6923076923076923,0.0,0.24486454327901205,3824.888888888889
285,0.3333333333333333,0.9090909090909091,0.6923076923076923,0.3344947735191638,0.2368644078572591,4502.444444444444
286,0.3333333333333333,0.9090909090909091,0.6923076923076923,0.6689895470383276,0.2338030073377821,4780.777777777777
287,0.3333333333333333,0.9090909090909091,0.6923076923076923,1.0,0.22491031222873265,4940.88888888889
288,0.3333333333333333,1.0,1.0,0.0,0.2599412335289849,6987.8888888888905
289,0.3333333333333333,1.0,1.0,0.3344947735191638,0.2115412023332384,6928.666666666668
290,0.3333333333333333,1.0,1.0,0.6689895470383276,0.2075135707855225,7443.555555555556
291,0.3333333333333333,1.0,1.0,1.0,0.19709894392225472,7281.333333333332
292,0.3333333333333333,1.0,0.0,0.0,0.8912288612789578,5917.555555555556
293,0.3333333333333333,1.0,0.0,0.3344947735191638,0.890138758553399,6475.666666666668
294,0.3333333333333333,1.0,0.0,0.6689895470383276,0.8811706701914469,6650.8888888888905
295,0.3333333333333333,1.0,0.0,1.0,0.8772354920705161,7256.333333333332
296,0.3333333333333333,1.0,0.3076923076923077,0.0,0.3439190917544895,4036.666666666666
297,0.3333333333333333,1.0,0.3076923076923077,0.3344947735191638,0.35094507535298664,4654.222222222223
298,0.3333333333333333,1.0,0.3076923076923077,0.6689895470383276,0.31771474414401585,4553.333333333333
299,0.3333333333333333,1.0,0.3076923076923077,1.0,0.32534188694424104,5007.333333333333
300,0.3333333333333333,1.0,0.6923076923076923,0.0,0.2537513573964437,4468.555555555556
301,0.3333333333333333,1.0,0.6923076923076923,0.3344947735191638,0.2422492239210341,4739.222222222223
302,0.3333333333333333,1.0,0.6923076923076923,0.6689895470383276,0.22616200976901585,4907.333333333333
303,0.3333333333333333,1.0,0.6923076923076923,1.0,0.22121400303310815,4804.777777777777
304,0.3333333333333333,0.0,1.0,0.0,0.5626863638559977,2988.5555555555547
305,0.3333333333333333,0.0,1.0,0.3344947735191638,0.5530457761552598,2988.4444444444453
306,0.3333333333333333,0.0,1.0,0.6689895470383276,0.5841216246287028,3174.5555555555547
307,0.3333333333333333,0.0,1.0,1.0,0.554795503616333,3080.5555555555547
308,0.3333333333333333,0.0,0.0,0.0,1.0905399322509766,2066.1111111111113
309,0.3333333333333333,0.0,0.0,0.3344947735191638,1.074463102552626,2049.3333333333335
310,0.3333333333333333,0.0,0.0,0.6689895470383276,1.0639863544040256,2081.3333333333335
311,0.3333333333333333,0.0,0.0,1.0,1.0466416676839192,2106.6666666666665
312,0.3333333333333333,0.0,0.3076923076923077,0.0,0.6451104746924506,1710.0
313,0.3333333333333333,0.0,0.3076923076923077,0.3344947735191638,0.5777342054578993,1600.0
314,0.3333333333333333,0.0,0.3076923076923077,0.6689895470383276,0.5717239114973279,1701.4444444444446
315,0.3333333333333333,0.0,0.3076923076923077,1.0,0.5461295975579156,1692.7777777777774
316,0.3333333333333333,0.0,0.6923076923076923,0.0,0.5823097229003906,1997.7777777777774
317,0.3333333333333333,0.0,0.6923076923076923,0.3344947735191638,0.5678252379099528,2057.0
318,0.3333333333333333,0.0,0.6923076923076923,0.6689895470383276,0.5509665807088217,1972.4444444444448
319,0.3333333333333333,0.0,0.6923076923076923,1.0,0.5461061265733507,2031.111111111111
320,0.3333333333333333,0.09090909090909091,1.0,0.0,0.3722573121388753,3538.111111111111
321,0.3333333333333333,0.09090909090909091,1.0,0.3344947735191638,0.33956501219007706,3546.4444444444453
322,0.3333333333333333,0.09090909090909091,1.0,0.6689895470383276,0.28567610846625435,3275.0
323,0.3333333333333333,0.09090909090909091,1.0,1.0,0.2978161440955268,3358.888888888889
324,0.3333333333333333,0.09090909090909091,0.0,0.0,1.0565002759297688,2675.555555555555
325,0.3333333333333333,0.09090909090909091,0.0,0.3344947735191638,1.0191757678985596,2615.222222222222
326,0.3333333333333333,0.09090909090909091,0.0,0.6689895470383276,0.9948393503824868,2757.888888888889
327,0.3333333333333333,0.09090909090909091,0.0,1.0,0.9882009029388428,2800.111111111111
328,0.3333333333333333,0.09090909090909091,0.3076923076923077,0.0,0.4560609923468696,1946.7777777777774
329,0.3333333333333333,0.09090909090909091,0.3076923076923077,0.3344947735191638,0.40943437152438694,1912.4444444444448
330,0.3333333333333333,0.09090909090909091,0.3076923076923077,0.6689895470383276,0.403472105662028,1938.111111111111
331,0.3333333333333333,0.09090909090909091,0.3076923076923077,1.0,0.3943275345696343,2005.333333333333
332,0.3333333333333333,0.09090909090909091,0.6923076923076923,0.0,0.4075993431939019,2395.8888888888887
333,0.3333333333333333,0.09090909090909091,0.6923076923076923,0.3344947735191638,0.3682843049367269,2396.1111111111113
334,0.3333333333333333,0.09090909090909091,0.6923076923076923,0.6689895470383276,0.35676799880133736,2395.222222222222
335,0.3333333333333333,0.09090909090909091,0.6923076923076923,1.0,0.3510308530595567,2412.1111111111113
336,0.3333333333333333,0.18181818181818182,1.0,0.0,0.3308776219685872,4054.222222222222
337,0.3333333333333333,0.18181818181818182,1.0,0.3344947735191638,0.3091990152994792,4155.88888888889
338,0.3333333333333333,0.18181818181818182,1.0,0.6689895470383276,0.2525362703535292,3816.0
339,0.3333333333333333,0.18181818181818182,1.0,1.0,0.28918899430169004,4061.0
340,0.3333333333333333,0.18181818181818182,0.0,0.0,0.9568718804253472,3056.666666666666
341,0.3333333333333333,0.18181818181818182,0.0,0.3344947735191638,0.9882461494869657,3232.222222222222
342,0.3333333333333333,0.18181818181818182,0.0,0.6689895470383276,0.9690343538920084,3350.111111111111
343,0.3333333333333333,0.18181818181818182,0.0,1.0,0.9573317898644341,3358.5555555555547
344,0.3333333333333333,0.18181818181818182,0.3076923076923077,0.0,0.3940648237864177,2226.555555555555
345,0.3333333333333333,0.18181818181818182,0.3076923076923077,0.3344947735191638,0.3957574897342258,2328.1111111111113
346,0.3333333333333333,0.18181818181818182,0.3076923076923077,0.6689895470383276,0.3814709186553955,2285.777777777778
347,0.3333333333333333,0.18181818181818182,0.3076923076923077,1.0,0.3656912114885118,2361.1111111111113
348,0.3333333333333333,0.18181818181818182,0.6923076923076923,0.0,0.3315789699554443,2683.8888888888887
349,0.3333333333333333,0.18181818181818182,0.6923076923076923,0.3344947735191638,0.3130998346540663,2734.444444444445
350,0.3333333333333333,0.18181818181818182,0.6923076923076923,0.6689895470383276,0.29636311531066895,2801.666666666666
351,0.3333333333333333,0.18181818181818182,0.6923076923076923,1.0,0.2863765557607015,2810.111111111111
352,0.3333333333333333,0.2727272727272727,1.0,0.0,0.2850203514099121,4350.444444444444
353,0.3333333333333333,0.2727272727272727,1.0,0.3344947735191638,0.2820305559370253,4214.333333333333
354,0.3333333333333333,0.2727272727272727,1.0,0.6689895470383276,0.2598416805267334,4612.11111111111
355,0.3333333333333333,0.2727272727272727,1.0,1.0,0.25357982847425675,4670.11111111111
356,0.3333333333333333,0.2727272727272727,0.0,0.0,0.9394378662109376,3520.777777777778
357,0.3333333333333333,0.2727272727272727,0.0,0.3344947735191638,0.9273615413241916,3714.555555555556
358,0.3333333333333333,0.2727272727272727,0.0,0.6689895470383276,0.9514565732744004,3934.555555555556
359,0.3333333333333333,0.2727272727272727,0.0,1.0,0.9659308327568902,3942.333333333334
360,0.3333333333333333,0.2727272727272727,0.3076923076923077,0.0,0.4374623033735487,2742.777777777778
361,0.3333333333333333,0.2727272727272727,0.3076923076923077,0.3344947735191638,0.4137889014350043,2810.5555555555547
362,0.3333333333333333,0.2727272727272727,0.3076923076923077,0.6689895470383276,0.3930894268883599,2810.4444444444453
363,0.3333333333333333,0.2727272727272727,0.3076923076923077,1.0,0.3875001006656223,2986.888888888889
364,0.3333333333333333,0.2727272727272727,0.6923076923076923,0.0,0.3014457490709093,2904.222222222222
365,0.3333333333333333,0.2727272727272727,0.6923076923076923,0.3344947735191638,0.27607258160909015,3022.333333333334
366,0.3333333333333333,0.2727272727272727,0.6923076923076923,0.6689895470383276,0.2691179911295573,3038.333333333334
367,0.3333333333333333,0.2727272727272727,0.6923076923076923,1.0,0.2589956654442681,3063.333333333334
368,0.3333333333333333,0.36363636363636365,1.0,0.0,0.2888918982611762,4366.555555555556
369,0.3333333333333333,0.36363636363636365,1.0,0.3344947735191638,0.24131528536478675,4789.777777777777
370,0.3333333333333333,0.36363636363636365,1.0,0.6689895470383276,0.2282306353251139,4840.11111111111
371,0.3333333333333333,0.36363636363636365,1.0,1.0,0.22452306747436526,4948.88888888889
372,0.3333333333333333,0.36363636363636365,0.0,0.0,0.9579361014895968,3950.666666666666
373,0.3333333333333333,0.36363636363636365,0.0,0.3344947735191638,0.9268017874823676,4086.222222222222
374,0.3333333333333333,0.36363636363636365,0.0,0.6689895470383276,0.9122769832611084,4383.88888888889
375,0.3333333333333333,0.36363636363636365,0.0,1.0,0.9068390528361002,4390.666666666667
376,0.3333333333333333,0.36363636363636365,0.3076923076923077,0.0,0.3887306319342719,2861.222222222222
377,0.3333333333333333,0.36363636363636365,0.3076923076923077,0.3344947735191638,0.36889224582248265,3004.777777777778
378,0.3333333333333333,0.36363636363636365,0.3076923076923077,0.6689895470383276,0.34899987114800346,3064.111111111111
379,0.3333333333333333,0.36363636363636365,0.3076923076923077,1.0,0.3474789460500081,3156.333333333334
380,0.3333333333333333,0.36363636363636365,0.6923076923076923,0.0,0.28110310766432023,3182.888888888889
381,0.3333333333333333,0.36363636363636365,0.6923076923076923,0.3344947735191638,0.26380546887715656,3242.0
382,0.3333333333333333,0.36363636363636365,0.6923076923076923,0.6689895470383276,0.2466983530256483,3351.5555555555547
383,0.3333333333333333,0.36363636363636365,0.6923076923076923,1.0,0.2466782199011909,3401.222222222222
384,0.6666666666666666,0.45454545454545453,1.0,0.0,0.25059254964192706,5339.11111111111
385,0.6666666666666666,0.45454545454545453,1.0,0.3344947735191638,0.22342957390679252,5338.444444444444
386,0.6666666666666666,0.45454545454545453,1.0,0.6689895470383276,0.20815886391533744,5550.555555555556
387,0.6666666666666666,0.45454545454545453,1.0,1.0,0.20297956466674805,5590.1111111111095
388,0.6666666666666666,0.45454545454545453,0.0,0.0,0.9440549214680992,4510.444444444444
389,0.6666666666666666,0.45454545454545453,0.0,0.3344947735191638,0.9220071898566352,4822.555555555556
390,0.6666666666666666,0.45454545454545453,0.0,0.6689895470383276,0.9123595025804307,4941.444444444444
391,0.6666666666666666,0.45454545454545453,0.0,1.0,0.8988527721828885,5040.88888888889
392,0.6666666666666666,0.45454545454545453,0.3076923076923077,0.0,0.3724114629957411,3259.4444444444453
393,0.6666666666666666,0.45454545454545453,0.3076923076923077,0.3344947735191638,0.35497119691636825,3454.222222222222
394,0.6666666666666666,0.45454545454545453,0.3076923076923077,0.6689895470383276,0.3486841254764133,3605.888888888889
395,0.6666666666666666,0.45454545454545453,0.3076923076923077,1.0,0.3366636435190837,3554.222222222222
396,0.6666666666666666,0.45454545454545453,0.6923076923076923,0.0,0.27904873424106175,3597.0
397,0.6666666666666666,0.45454545454545453,0.6923076923076923,0.3344947735191638,0.2584049701690674,3799.888888888889
398,0.6666666666666666,0.45454545454545453,0.6923076923076923,0.6689895470383276,0.2551361719767253,3926.777777777778
399,0.6666666666666666,0.45454545454545453,0.6923076923076923,1.0,0.22797576586405435,3883.555555555556
400,0.6666666666666666,0.5454545454545454,1.0,0.0,0.23263854450649685,5474.333333333333
401,0.6666666666666666,0.5454545454545454,1.0,0.3344947735191638,0.21530400382147896,5728.444444444444
402,0.6666666666666666,0.5454545454545454,1.0,0.6689895470383276,0.21543690893385145,6073.333333333332
403,0.6666666666666666,0.5454545454545454,1.0,1.0,0.1945477326711019,6047.555555555556
404,0.6666666666666666,0.5454545454545454,0.0,0.0,0.9319070445166694,4899.11111111111
405,0.6666666666666666,0.5454545454545454,0.0,0.3344947735191638,0.9349037276373968,5255.222222222223
406,0.6666666666666666,0.5454545454545454,0.0,0.6689895470383276,0.91753175523546,5340.333333333333
407,0.6666666666666666,0.5454545454545454,0.0,1.0,0.9174735811021592,5413.0
408,0.6666666666666666,0.5454545454545454,0.3076923076923077,0.0,0.36577272415161133,3462.666666666666
409,0.6666666666666666,0.5454545454545454,0.3076923076923077,0.3344947735191638,0.3496507538689507,3639.888888888889
410,0.6666666666666666,0.5454545454545454,0.3076923076923077,0.6689895470383276,0.3530900213453505,3858.888888888889
411,0.6666666666666666,0.5454545454545454,0.3076923076923077,1.0,0.336818880505032,3867.666666666666
412,0.6666666666666666,0.5454545454545454,0.6923076923076923,0.0,0.27709314558241105,3867.777777777778
413,0.6666666666666666,0.5454545454545454,0.6923076923076923,0.3344947735191638,0.2702892356448703,4206.444444444444
414,0.6666666666666666,0.5454545454545454,0.6923076923076923,0.6689895470383276,0.26725122663709855,4460.0
415,0.6666666666666666,0.5454545454545454,0.6923076923076923,1.0,0.2537199126349555,4442.0
416,0.6666666666666666,0.6363636363636364,1.0,0.0,0.2476851940155029,5981.666666666668
417,0.6666666666666666,0.6363636363636364,1.0,0.3344947735191638,0.21655694643656412,6149.666666666668
418,0.6666666666666666,0.6363636363636364,1.0,0.6689895470383276,0.2034421761830648,6368.8888888888905
419,0.6666666666666666,0.6363636363636364,1.0,1.0,0.19919342464870876,6460.666666666668
420,0.6666666666666666,0.6363636363636364,0.0,0.0,0.9191757573021784,5137.777777777777
421,0.6666666666666666,0.6363636363636364,0.0,0.3344947735191638,0.9321169588300916,5441.333333333333
422,0.6666666666666666,0.6363636363636364,0.0,0.6689895470383276,0.9002052413092719,5772.222222222223
423,0.6666666666666666,0.6363636363636364,0.0,1.0,0.8909021218617758,5852.555555555556
424,0.6666666666666666,0.6363636363636364,0.3076923076923077,0.0,0.3771328926086426,3690.777777777778
425,0.6666666666666666,0.6363636363636364,0.3076923076923077,0.3344947735191638,0.382776419321696,4096.777777777777
426,0.6666666666666666,0.6363636363636364,0.3076923076923077,0.6689895470383276,0.3598755730523003,4281.777777777777
427,0.6666666666666666,0.6363636363636364,0.3076923076923077,1.0,0.36051781972249347,4315.333333333333
428,0.6666666666666666,0.6363636363636364,0.6923076923076923,0.0,0.29884706603156197,4130.11111111111
429,0.6666666666666666,0.6363636363636364,0.6923076923076923,0.3344947735191638,0.2811115052964952,4477.0
430,0.6666666666666666,0.6363636363636364,0.6923076923076923,0.6689895470383276,0.25342663129170734,4544.555555555556
431,0.6666666666666666,0.6363636363636364,0.6923076923076923,1.0,0.2584375805324978,4687.11111111111
432,0.6666666666666666,0.7272727272727273,1.0,0.0,0.24524736404418945,6210.333333333332
433,0.6666666666666666,0.7272727272727273,1.0,0.3344947735191638,0.23676093419392905,6903.333333333332
434,0.6666666666666666,0.7272727272727273,1.0,0.6689895470383276,0.19985609584384495,6496.0
435,0.6666666666666666,0.7272727272727273,1.0,1.0,0.20187587208218044,6949.8888888888905
436,0.6666666666666666,0.7272727272727273,0.0,0.0,0.9311267799801296,5382.11111111111
437,0.6666666666666666,0.7272727272727273,0.0,0.3344947735191638,0.8993212381998698,5857.777777777777
438,0.6666666666666666,0.7272727272727273,0.0,0.6689895470383276,0.8942871623569064,5985.8888888888905
439,0.6666666666666666,0.7272727272727273,0.0,1.0,0.8942160871293809,6419.333333333332
440,0.6666666666666666,0.7272727272727273,0.3076923076923077,0.0,0.3903954558902317,4020.777777777778
441,0.6666666666666666,0.7272727272727273,0.3076923076923077,0.3344947735191638,0.3655139340294732,4377.0
442,0.6666666666666666,0.7272727272727273,0.3076923076923077,0.6689895470383276,0.35385897424485946,4383.11111111111
443,0.6666666666666666,0.7272727272727273,0.3076923076923077,1.0,0.3497709698147244,4433.777777777777
444,0.6666666666666666,0.7272727272727273,0.6923076923076923,0.0,0.2883772585127089,4307.88888888889
445,0.6666666666666666,0.7272727272727273,0.6923076923076923,0.3344947735191638,0.26787874433729386,4671.555555555556
446,0.6666666666666666,0.7272727272727273,0.6923076923076923,0.6689895470383276,0.252304024166531,4697.0
447,0.6666666666666666,0.7272727272727273,0.6923076923076923,1.0,0.2522943284776475,4813.88888888889
448,0.6666666666666666,0.8181818181818182,1.0,0.0,0.2652187877231174,6903.777777777777
449,0.6666666666666666,0.8181818181818182,1.0,0.3344947735191638,0.21654290623135036,6776.222222222223
450,0.6666666666666666,0.8181818181818182,1.0,0.6689895470383276,0.2376585536532932,7741.0
451,0.6666666666666666,0.8181818181818182,1.0,1.0,0.2176147566901313,7383.444444444444
452,0.6666666666666666,0.8181818181818182,0.0,0.0,0.9155404832628038,5611.222222222223
453,0.6666666666666666,0.8181818181818182,0.0,0.3344947735191638,0.8961530791388618,5968.777777777777
454,0.6666666666666666,0.8181818181818182,0.0,0.6689895470383276,0.8915543291303847,6526.444444444444
455,0.6666666666666666,0.8181818181818182,0.0,1.0,0.8871734672122531,6520.666666666668
456,0.6666666666666666,0.8181818181818182,0.3076923076923077,0.0,0.3967619736989339,4113.0
457,0.6666666666666666,0.8181818181818182,0.3076923076923077,0.3344947735191638,0.3574551211463081,4375.11111111111
458,0.6666666666666666,0.8181818181818182,0.3076923076923077,0.6689895470383276,0.3394219610426161,4646.0
459,0.6666666666666666,0.8181818181818182,0.3076923076923077,1.0,0.33686235215928817,4551.222222222223
460,0.6666666666666666,0.8181818181818182,0.6923076923076923,0.0,0.2886914412180583,4519.11111111111
461,0.6666666666666666,0.8181818181818182,0.6923076923076923,0.3344947735191638,0.2602525552113851,4756.88888888889
462,0.6666666666666666,0.8181818181818182,0.6923076923076923,0.6689895470383276,0.2516911029815674,4942.88888888889
463,0.6666666666666666,0.8181818181818182,0.6923076923076923,1.0,0.2387855052947998,4991.333333333333
464,0.6666666666666666,0.9090909090909091,1.0,0.0,0.2687533166673448,7089.777777777777
465,0.6666666666666666,0.9090909090909091,1.0,0.3344947735191638,0.2430319521162245,7242.333333333332
466,0.6666666666666666,0.9090909090909091,1.0,0.6689895470383276,0.20485854148864746,7223.666666666668
467,0.6666666666666666,0.9090909090909091,1.0,1.0,0.2243080139160156,7983.8888888888905
468,0.6666666666666666,0.9090909090909091,0.0,0.0,0.8995394706726074,5909.1111111111095
469,0.6666666666666666,0.9090909090909091,0.0,0.3344947735191638,0.894685321384006,6475.333333333332
470,0.6666666666666666,0.9090909090909091,0.0,0.6689895470383276,0.8871597184075249,6646.222222222223
471,0.6666666666666666,0.9090909090909091,0.0,1.0,0.8822642167409261,6664.222222222223
472,0.6666666666666666,0.9090909090909091,0.3076923076923077,0.0,0.37546732690599227,4307.0
473,0.6666666666666666,0.9090909090909091,0.3076923076923077,0.3344947735191638,0.3489840295579698,4425.666666666667
474,0.6666666666666666,0.9090909090909091,0.3076923076923077,0.6689895470383276,0.33914489216274685,4832.555555555556
475,0.6666666666666666,0.9090909090909091,0.3076923076923077,1.0,0.3378256426917182,4863.555555555556
476,0.6666666666666666,0.9090909090909091,0.6923076923076923,0.0,0.2761762936909993,4595.333333333333
477,0.6666666666666666,0.9090909090909091,0.6923076923076923,0.3344947735191638,0.2589481936560737,4824.444444444444
478,0.6666666666666666,0.9090909090909091,0.6923076923076923,0.6689895470383276,0.2430762979719374,5085.555555555556
479,0.6666666666666666,0.9090909090909091,0.6923076923076923,1.0,0.2375401390923394,5194.444444444444
480,0.6666666666666666,1.0,1.0,0.0,0.27095264858669704,7352.0
481,0.6666666666666666,1.0,1.0,0.3344947735191638,0.2423501014709473,7843.222222222223
482,0.6666666666666666,1.0,1.0,0.6689895470383276,0.21584651205274794,7976.666666666668
483,0.6666666666666666,1.0,1.0,1.0,0.2205471992492676,8153.0
484,0.6666666666666666,1.0,0.0,0.0,0.8988715807596842,5985.8888888888905
485,0.6666666666666666,1.0,0.0,0.3344947735191638,0.8941347334120009,6586.333333333332
486,0.6666666666666666,1.0,0.0,0.6689895470383276,0.8913530243767632,6740.666666666668
487,0.6666666666666666,1.0,0.0,1.0,0.8809233506520591,7340.777777777777
488,0.6666666666666666,1.0,0.3076923076923077,0.0,0.3654331896040175,4340.666666666667
489,0.6666666666666666,1.0,0.3076923076923077,0.3344947735191638,0.34836634000142414,4722.444444444444
490,0.6666666666666666,1.0,0.3076923076923077,0.6689895470383276,0.3422433535257975,4815.666666666667
491,0.6666666666666666,1.0,0.3076923076923077,1.0,0.3398897382948134,5210.0
492,0.6666666666666666,1.0,0.6923076923076923,0.0,0.2676079538133409,4671.88888888889
493,0.6666666666666666,1.0,0.6923076923076923,0.3344947735191638,0.2523725562625461,5103.444444444444
494,0.6666666666666666,1.0,0.6923076923076923,0.6689895470383276,0.2459319962395562,5262.222222222223
495,0.6666666666666666,1.0,0.6923076923076923,1.0,0.23517489433288574,5406.333333333333
496,0.6666666666666666,0.0,1.0,0.0,0.5134887430402968,3149.222222222222
497,0.6666666666666666,0.0,1.0,0.3344947735191638,0.5029312239752876,3115.4444444444453
498,0.6666666666666666,0.0,1.0,0.6689895470383276,0.5135045846303304,3140.222222222222
499,0.6666666666666666,0.0,1.0,1.0,0.4910420841640896,3165.222222222222
500,0.6666666666666666,0.0,0.0,0.0,1.0560467508104112,2066.222222222222
501,0.6666666666666666,0.0,0.0,0.3344947735191638,1.030112001630995,2134.0
502,0.6666666666666666,0.0,0.0,0.6689895470383276,1.030004448360867,2165.777777777778
503,0.6666666666666666,0.0,0.0,1.0,1.0297586388058133,2199.555555555555
504,0.6666666666666666,0.0,0.3076923076923077,0.0,0.5492458343505859,1633.7777777777774
505,0.6666666666666666,0.0,0.3076923076923077,0.3344947735191638,0.5212237040201823,1625.333333333333
506,0.6666666666666666,0.0,0.3076923076923077,0.6689895470383276,0.5189515749613444,1667.5555555555554
507,0.6666666666666666,0.0,0.3076923076923077,1.0,0.5119379626380073,1684.4444444444446
508,0.6666666666666666,0.0,0.6923076923076923,0.0,0.5196865134769015,2065.444444444445
509,0.6666666666666666,0.0,0.6923076923076923,0.3344947735191638,0.5030101670159234,2065.555555555555
510,0.6666666666666666,0.0,0.6923076923076923,0.6689895470383276,0.5001311832004123,2099.1111111111113
511,0.6666666666666666,0.0,0.6923076923076923,1.0,0.4962380462222629,2064.444444444445
512,0.6666666666666666,0.09090909090909091,1.0,0.0,0.3858503500620524,3682.222222222222
513,0.6666666666666666,0.09090909090909091,1.0,0.3344947735191638,0.3582758108774821,3817.333333333334
514,0.6666666666666666,0.09090909090909091,1.0,0.6689895470383276,0.33277122179667157,3885.0
515,0.6666666666666666,0.09090909090909091,1.0,1.0,0.3352675437927246,3909.333333333334
516,0.6666666666666666,0.09090909090909091,0.0,0.0,1.01012388865153,2743.444444444445
517,0.6666666666666666,0.09090909090909091,0.0,0.3344947735191638,0.9850882424248588,2801.111111111111
518,0.6666666666666666,0.09090909090909091,0.0,0.6689895470383276,0.9758660528394912,2800.333333333334
519,0.6666666666666666,0.09090909090909091,0.0,1.0,0.9714066452450224,2842.5555555555547
520,0.6666666666666666,0.09090909090909091,0.3076923076923077,0.0,0.4135263231065538,1912.7777777777774
521,0.6666666666666666,0.09090909090909091,0.3076923076923077,0.3344947735191638,0.39658694797092015,1980.7777777777774
522,0.6666666666666666,0.09090909090909091,0.3076923076923077,0.6689895470383276,0.38020020061069065,1980.4444444444448
523,0.6666666666666666,0.09090909090909091,0.3076923076923077,1.0,0.3815089066823323,2056.0
524,0.6666666666666666,0.09090909090909091,0.6923076923076923,0.0,0.38565222422281903,2489.1111111111113
525,0.6666666666666666,0.09090909090909091,0.6923076923076923,0.3344947735191638,0.3594064182705349,2455.6666666666665
526,0.6666666666666666,0.09090909090909091,0.6923076923076923,0.6689895470383276,0.3574478626251221,2573.3333333333335
527,0.6666666666666666,0.09090909090909091,0.6923076923076923,1.0,0.3378296428256565,2614.444444444445
528,0.6666666666666666,0.18181818181818182,1.0,0.0,0.3017578654819065,4096.0
529,0.6666666666666666,0.18181818181818182,1.0,0.3344947735191638,0.2884921232859294,4282.222222222223
530,0.6666666666666666,0.18181818181818182,1.0,0.6689895470383276,0.2769489023420546,4332.777777777777
531,0.6666666666666666,0.18181818181818182,1.0,1.0,0.2724601957533095,4425.11111111111
532,0.6666666666666666,0.18181818181818182,0.0,0.0,1.0115029282040071,3283.777777777778
533,0.6666666666666666,0.18181818181818182,0.0,0.3344947735191638,0.9661788675520157,3316.222222222222
534,0.6666666666666666,0.18181818181818182,0.0,0.6689895470383276,0.9510211679670546,3392.5555555555547
535,0.6666666666666666,0.18181818181818182,0.0,1.0,0.9458778169420028,3443.4444444444453
536,0.6666666666666666,0.18181818181818182,0.3076923076923077,0.0,0.3913602299160427,2370.3333333333335
537,0.6666666666666666,0.18181818181818182,0.3076923076923077,0.3344947735191638,0.3994381427764893,2497.3333333333335
538,0.6666666666666666,0.18181818181818182,0.3076923076923077,0.6689895470383276,0.3748506704966227,2446.555555555555
539,0.6666666666666666,0.18181818181818182,0.3076923076923077,1.0,0.3711804019080268,2513.3333333333335
540,0.6666666666666666,0.18181818181818182,0.6923076923076923,0.0,0.3136124875810411,2692.222222222222
541,0.6666666666666666,0.18181818181818182,0.6923076923076923,0.3344947735191638,0.28736551602681476,2760.222222222222
542,0.6666666666666666,0.18181818181818182,0.6923076923076923,0.6689895470383276,0.27888502015007866,2818.222222222222
543,0.6666666666666666,0.18181818181818182,0.6923076923076923,1.0,0.2751224570804172,2835.222222222222
544,0.6666666666666666,0.2727272727272727,1.0,0.0,0.2666664653354221,4426.444444444444
545,0.6666666666666666,0.2727272727272727,1.0,0.3344947735191638,0.2492270204755995,4561.666666666667
546,0.6666666666666666,0.2727272727272727,1.0,0.6689895470383276,0.2437301741706001,4603.666666666667
547,0.6666666666666666,0.2727272727272727,1.0,1.0,0.23481689559088814,4746.222222222223
548,0.6666666666666666,0.2727272727272727,0.0,0.0,0.9450114568074544,3630.444444444444
549,0.6666666666666666,0.2727272727272727,0.0,0.3344947735191638,0.9752558602227104,3917.222222222222
550,0.6666666666666666,0.2727272727272727,0.0,0.6689895470383276,0.9638569090101454,3976.111111111111
551,0.6666666666666666,0.2727272727272727,0.0,1.0,0.9364823235405816,4069.666666666666
552,0.6666666666666666,0.2727272727272727,0.3076923076923077,0.0,0.4210270245869954,2734.444444444445
553,0.6666666666666666,0.2727272727272727,0.3076923076923077,0.3344947735191638,0.3933961921268039,2844.222222222222
554,0.6666666666666666,0.2727272727272727,0.3076923076923077,0.6689895470383276,0.38150397936503094,2928.777777777778
555,0.6666666666666666,0.2727272727272727,0.3076923076923077,1.0,0.3711747858259413,2961.5555555555547
556,0.6666666666666666,0.2727272727272727,0.6923076923076923,0.0,0.28485072983635795,3022.222222222222
557,0.6666666666666666,0.2727272727272727,0.6923076923076923,0.3344947735191638,0.263542546166314,3081.333333333334
558,0.6666666666666666,0.2727272727272727,0.6923076923076923,0.6689895470383276,0.2448154555426703,3029.777777777778
559,0.6666666666666666,0.2727272727272727,0.6923076923076923,1.0,0.2483736144171821,3199.0
560,0.6666666666666666,0.36363636363636365,1.0,0.0,0.25119821230570477,4756.444444444444
561,0.6666666666666666,0.36363636363636365,1.0,0.3344947735191638,0.2298462920718723,4908.333333333333
562,0.6666666666666666,0.36363636363636365,1.0,0.6689895470383276,0.21456713146633571,5110.666666666667
563,0.6666666666666666,0.36363636363636365,1.0,1.0,0.21360166867574054,5194.222222222223
564,0.6666666666666666,0.36363636363636365,0.0,0.0,0.9451248645782472,4035.222222222222
565,0.6666666666666666,0.36363636363636365,0.0,0.3344947735191638,0.9346776803334554,4366.222222222223
566,0.6666666666666666,0.36363636363636365,0.0,0.6689895470383276,0.9239310688442656,4553.666666666667
567,0.6666666666666666,0.36363636363636365,0.0,1.0,0.9128352271185981,4552.0
568,0.6666666666666666,0.36363636363636365,0.3076923076923077,0.0,0.3802585866716173,3081.333333333334
569,0.6666666666666666,0.36363636363636365,0.3076923076923077,0.3344947735191638,0.3683576318952773,3174.4444444444453
570,0.6666666666666666,0.36363636363636365,0.3076923076923077,0.6689895470383276,0.3525271945529514,3284.888888888889
571,0.6666666666666666,0.36363636363636365,0.3076923076923077,1.0,0.3466850651635064,3308.4444444444453
572,0.6666666666666666,0.36363636363636365,0.6923076923076923,0.0,0.2810103893280029,3300.888888888889
573,0.6666666666666666,0.36363636363636365,0.6923076923076923,0.3344947735191638,0.2629249625735813,3444.666666666666
574,0.6666666666666666,0.36363636363636365,0.6923076923076923,0.6689895470383276,0.2296508683098687,3453.0
575,0.6666666666666666,0.36363636363636365,0.6923076923076923,1.0,0.2382342020670573,3528.222222222222
576,1.0,0.45454545454545453,1.0,0.0,0.2273385789659288,5228.666666666667
577,1.0,0.45454545454545453,1.0,0.3344947735191638,0.21506153212653267,5389.444444444444
578,1.0,0.45454545454545453,1.0,0.6689895470383276,0.2110711998409695,5567.444444444444
579,1.0,0.45454545454545453,1.0,1.0,0.18931497467888725,5649.777777777777
580,1.0,0.45454545454545453,0.0,0.0,0.938272794087728,4553.444444444444
581,1.0,0.45454545454545453,0.0,0.3344947735191638,0.9232353104485406,4924.88888888889
582,1.0,0.45454545454545453,0.0,0.6689895470383276,0.9103246529897054,4984.222222222223
583,1.0,0.45454545454545453,0.0,1.0,0.9054030047522652,5075.0
584,1.0,0.45454545454545453,0.3076923076923077,0.0,0.3653959433237712,3267.4444444444453
585,1.0,0.45454545454545453,0.3076923076923077,0.3344947735191638,0.3561440838707818,3530.111111111111
586,1.0,0.45454545454545453,0.3076923076923077,0.6689895470383276,0.3458844290839301,3605.666666666666
587,1.0,0.45454545454545453,0.3076923076923077,1.0,0.32987191942003036,3571.4444444444453
588,1.0,0.45454545454545453,0.6923076923076923,0.0,0.26196638743082684,3554.333333333334
589,1.0,0.45454545454545453,0.6923076923076923,0.3344947735191638,0.24267556932237416,3766.111111111111
590,1.0,0.45454545454545453,0.6923076923076923,0.6689895470383276,0.2577420075734456,3986.111111111111
591,1.0,0.45454545454545453,0.6923076923076923,1.0,0.22132555643717447,3875.222222222222
592,1.0,0.5454545454545454,1.0,0.0,0.23076409763760036,5389.777777777777
593,1.0,0.5454545454545454,1.0,0.3344947735191638,0.2064005798763699,5668.8888888888905
594,1.0,0.5454545454545454,1.0,0.6689895470383276,0.2105720043182373,5914.1111111111095
595,1.0,0.5454545454545454,1.0,1.0,0.18570897314283585,5962.777777777777
596,1.0,0.5454545454545454,0.0,0.0,0.9266673458947076,4992.777777777777
597,1.0,0.5454545454545454,0.0,0.3344947735191638,0.9430552588568794,5356.666666666667
598,1.0,0.5454545454545454,0.0,0.6689895470383276,0.9392039775848388,5475.0
599,1.0,0.5454545454545454,0.0,1.0,0.9257681634691026,5489.222222222223
600,1.0,0.5454545454545454,0.3076923076923077,0.0,0.36463869942559135,3454.111111111111
601,1.0,0.5454545454545454,0.3076923076923077,0.3344947735191638,0.3499331209394667,3673.777777777778
602,1.0,0.5454545454545454,0.3076923076923077,0.6689895470383276,0.3755008379618327,4087.555555555556
603,1.0,0.5454545454545454,0.3076923076923077,1.0,0.3338218530019124,3876.0
604,1.0,0.5454545454545454,0.6923076923076923,0.0,0.2738727463616265,3961.111111111111
605,1.0,0.5454545454545454,0.6923076923076923,0.3344947735191638,0.2461731433868408,3918.555555555556
606,1.0,0.5454545454545454,0.6923076923076923,0.6689895470383276,0.25034650166829425,4316.11111111111
607,1.0,0.5454545454545454,0.6923076923076923,1.0,0.2339258723788791,4187.88888888889
608,1.0,0.6363636363636364,1.0,0.0,0.2463554541269938,5981.777777777777
609,1.0,0.6363636363636364,1.0,0.3344947735191638,0.2086998356713189,6175.555555555556
610,1.0,0.6363636363636364,1.0,0.6689895470383276,0.21243762969970706,6479.0
611,1.0,0.6363636363636364,1.0,1.0,0.19183434380425346,6528.666666666668
612,1.0,0.6363636363636364,0.0,0.0,0.9187435309092205,5146.222222222223
613,1.0,0.6363636363636364,0.0,0.3344947735191638,0.9374868075052896,5492.0
614,1.0,0.6363636363636364,0.0,0.6689895470383276,0.8994766871134441,5815.1111111111095
615,1.0,0.6363636363636364,0.0,1.0,0.8951578934987386,5996.1111111111095
616,1.0,0.6363636363636364,0.3076923076923077,0.0,0.35822224617004395,3673.666666666666
617,1.0,0.6363636363636364,0.3076923076923077,0.3344947735191638,0.3887813091278076,4181.444444444444
618,1.0,0.6363636363636364,0.3076923076923077,0.6689895470383276,0.3676029046376546,4298.555555555556
619,1.0,0.6363636363636364,0.3076923076923077,1.0,0.3559751775529649,4349.333333333333
620,1.0,0.6363636363636364,0.6923076923076923,0.0,0.3103828959994846,4308.11111111111
621,1.0,0.6363636363636364,0.6923076923076923,0.3344947735191638,0.2821067439185249,4553.0
622,1.0,0.6363636363636364,0.6923076923076923,0.6689895470383276,0.2693251238928901,4646.0
623,1.0,0.6363636363636364,0.6923076923076923,1.0,0.2531336148579915,4636.333333333333
624,1.0,0.7272727272727273,1.0,0.0,0.2610201040903727,6769.1111111111095
625,1.0,0.7272727272727273,1.0,0.3344947735191638,0.2298523055182563,6742.1111111111095
626,1.0,0.7272727272727273,1.0,0.6689895470383276,0.1859930886162652,6479.1111111111095
627,1.0,0.7272727272727273,1.0,1.0,0.19825312826368546,6975.222222222223
628,1.0,0.7272727272727273,0.0,0.0,0.9443027443355984,5509.1111111111095
629,1.0,0.7272727272727273,0.0,0.3344947735191638,0.9005298349592421,5892.0
630,1.0,0.7272727272727273,0.0,0.6689895470383276,0.8948195245530871,6003.0
631,1.0,0.7272727272727273,0.0,1.0,0.8945529195997449,6495.333333333332
632,1.0,0.7272727272727273,0.3076923076923077,0.0,0.3991695774926079,4088.444444444444
633,1.0,0.7272727272727273,0.3076923076923077,0.3344947735191638,0.36602576573689777,4325.777777777777
634,1.0,0.7272727272727273,0.3076923076923077,0.6689895470383276,0.3530305491553413,4374.666666666667
635,1.0,0.7272727272727273,0.3076923076923077,1.0,0.35082878006829155,4442.222222222223
636,1.0,0.7272727272727273,0.6923076923076923,0.0,0.2913129859500461,4451.555555555556
637,1.0,0.7272727272727273,0.6923076923076923,0.3344947735191638,0.2688832018110487,4790.88888888889
638,1.0,0.7272727272727273,0.6923076923076923,0.6689895470383276,0.2526618639628093,4815.88888888889
639,1.0,0.7272727272727273,0.6923076923076923,1.0,0.2520351939731174,4830.666666666667
640,1.0,0.8181818181818182,1.0,0.0,0.2576524151696099,6819.555555555556
641,1.0,0.8181818181818182,1.0,0.3344947735191638,0.21288503540886772,6598.1111111111095
642,1.0,0.8181818181818182,1.0,0.6689895470383276,0.23867042859395346,7589.0
643,1.0,0.8181818181818182,1.0,1.0,0.19683538542853465,7432.777777777777
644,1.0,0.8181818181818182,0.0,0.0,0.9260448349846734,5653.222222222223
645,1.0,0.8181818181818182,0.0,0.3344947735191638,0.8967491520775689,5960.333333333332
646,1.0,0.8181818181818182,0.0,0.6689895470383276,0.8912080923716227,6569.222222222223
647,1.0,0.8181818181818182,0.0,1.0,0.8870688014560275,6605.1111111111095
648,1.0,0.8181818181818182,0.3076923076923077,0.0,0.39009854528639054,4172.333333333333
649,1.0,0.8181818181818182,0.3076923076923077,0.3344947735191638,0.35555513699849445,4366.88888888889
650,1.0,0.8181818181818182,0.3076923076923077,0.6689895470383276,0.3457099861568875,4688.333333333333
651,1.0,0.8181818181818182,0.3076923076923077,1.0,0.32998598946465385,4645.222222222223
652,1.0,0.8181818181818182,0.6923076923076923,0.0,0.28328514099121094,4527.555555555556
653,1.0,0.8181818181818182,0.6923076923076923,0.3344947735191638,0.25455281469557023,4790.444444444444
654,1.0,0.8181818181818182,0.6923076923076923,0.6689895470383276,0.24785139825608996,4959.555555555556
655,1.0,0.8181818181818182,0.6923076923076923,1.0,0.2308403915829129,5025.555555555556
656,1.0,0.9090909090909091,1.0,0.0,0.23967446221245656,6683.333333333332
657,1.0,0.9090909090909091,1.0,0.3344947735191638,0.25269487169053817,7530.1111111111095
658,1.0,0.9090909090909091,1.0,0.6689895470383276,0.2128988636864556,7467.777777777777
659,1.0,0.9090909090909091,1.0,1.0,0.2281509240468343,8085.555555555556
660,1.0,0.9090909090909091,0.0,0.0,0.9095903502570258,6002.8888888888905
661,1.0,0.9090909090909091,0.0,0.3344947735191638,0.8954415586259631,6475.444444444444
662,1.0,0.9090909090909091,0.0,0.6689895470383276,0.8893820179833306,6680.333333333332
663,1.0,0.9090909090909091,0.0,1.0,0.8818261888292099,6672.666666666668
664,1.0,0.9090909090909091,0.3076923076923077,0.0,0.3783462842305501,4256.11111111111
665,1.0,0.9090909090909091,0.3076923076923077,0.3344947735191638,0.3574478626251221,4560.88888888889
666,1.0,0.9090909090909091,0.3076923076923077,0.6689895470383276,0.33806729316711426,4866.555555555556
667,1.0,0.9090909090909091,0.3076923076923077,1.0,0.3374450206756592,4897.333333333333
668,1.0,0.9090909090909091,0.6923076923076923,0.0,0.2807469103071425,4688.666666666667
669,1.0,0.9090909090909091,0.6923076923076923,0.3344947735191638,0.25982236862182617,4824.555555555556
670,1.0,0.9090909090909091,0.6923076923076923,0.6689895470383276,0.23837847179836694,5144.444444444444
671,1.0,0.9090909090909091,0.6923076923076923,1.0,0.23799517419603136,5296.333333333333
672,1.0,1.0,1.0,0.0,0.26728134685092503,7369.1111111111095
673,1.0,1.0,1.0,0.3344947735191638,0.24298946062723795,7749.8888888888905
674,1.0,1.0,1.0,0.6689895470383276,0.22895791795518666,8002.444444444444
675,1.0,1.0,1.0,1.0,0.22409219212002224,8110.666666666668
676,1.0,1.0,0.0,0.0,0.9045000871022544,6028.555555555556
677,1.0,1.0,0.0,0.3344947735191638,0.8942131466335721,6627.333333333332
678,1.0,1.0,0.0,0.6689895470383276,0.8856360117594401,6707.444444444444
679,1.0,1.0,0.0,1.0,0.8832831647660997,7391.444444444444
680,1.0,1.0,0.3076923076923077,0.0,0.358974642223782,4374.444444444444
681,1.0,1.0,0.3076923076923077,0.3344947735191638,0.3433322906494141,4807.222222222223
682,1.0,1.0,0.3076923076923077,0.6689895470383276,0.34269401762220597,4815.555555555556
683,1.0,1.0,0.3076923076923077,1.0,0.33547907405429417,5192.88888888889
684,1.0,1.0,0.6923076923076923,0.0,0.2787790828280979,4714.11111111111
685,1.0,1.0,0.6923076923076923,0.3344947735191638,0.25624484486050075,5254.444444444444
686,1.0,1.0,0.6923076923076923,0.6689895470383276,0.2470146020253499,5304.88888888889
687,1.0,1.0,0.6923076923076923,1.0,0.2383070786794027,5473.555555555556
688,1.0,0.0,1.0,0.0,0.5159452756245931,3124.333333333334
689,1.0,0.0,1.0,0.3344947735191638,0.4972328874799941,3208.888888888889
690,1.0,0.0,1.0,0.6689895470383276,0.4921556843651666,3182.777777777778
691,1.0,0.0,1.0,1.0,0.4789490434858534,3216.0
692,1.0,0.0,0.0,0.0,1.0481766329871285,2091.777777777778
693,1.0,0.0,0.0,0.3344947735191638,1.0351067119174533,2159.3333333333335
694,1.0,0.0,0.0,0.6689895470383276,1.0293166372511122,2199.555555555555
695,1.0,0.0,0.0,1.0,1.024673965242174,2216.555555555555
696,1.0,0.0,0.3076923076923077,0.0,0.5415661334991455,1642.2222222222226
697,1.0,0.0,0.3076923076923077,0.3344947735191638,0.520133892695109,1650.666666666667
698,1.0,0.0,0.3076923076923077,0.6689895470383276,0.5119162400563558,1701.333333333333
699,1.0,0.0,0.3076923076923077,1.0,0.4851545492808024,1676.0
700,1.0,0.0,0.6923076923076923,0.0,0.5164454248216417,2090.6666666666665
701,1.0,0.0,0.6923076923076923,0.3344947735191638,0.5019765430026584,2082.3333333333335
702,1.0,0.0,0.6923076923076923,0.6689895470383276,0.48218568166097,2116.1111111111113
703,1.0,0.0,0.6923076923076923,1.0,0.4854727851019966,2106.6666666666665
704,1.0,0.09090909090909091,1.0,0.0,0.3630865414937337,3783.555555555556
705,1.0,0.09090909090909091,1.0,0.3344947735191638,0.3487217161390517,3884.777777777778
706,1.0,0.09090909090909091,1.0,0.6689895470383276,0.3379466533660889,3859.444444444444
707,1.0,0.09090909090909091,1.0,1.0,0.3353172408209907,3960.0
708,1.0,0.09090909090909091,0.0,0.0,1.0011135207282171,2760.4444444444453
709,1.0,0.09090909090909091,0.0,0.3344947735191638,0.9751676453484428,2809.222222222222
710,1.0,0.09090909090909091,0.0,0.6689895470383276,0.9591119819217258,2851.0
711,1.0,0.09090909090909091,0.0,1.0,0.9538127581278484,2885.111111111111
712,1.0,0.09090909090909091,0.3076923076923077,0.0,0.4101360109117296,1946.5555555555552
713,1.0,0.09090909090909091,0.3076923076923077,0.3344947735191638,0.3943952719370524,1963.7777777777774
714,1.0,0.09090909090909091,0.3076923076923077,0.6689895470383276,0.3723420037163628,1997.4444444444448
715,1.0,0.09090909090909091,0.3076923076923077,1.0,0.3696371184455024,2039.111111111111
716,1.0,0.09090909090909091,0.6923076923076923,0.0,0.38518452644348145,2396.0
717,1.0,0.09090909090909091,0.6923076923076923,0.3344947735191638,0.3484972318013509,2489.555555555555
718,1.0,0.09090909090909091,0.6923076923076923,0.6689895470383276,0.3478013409508599,2522.444444444445
719,1.0,0.09090909090909091,0.6923076923076923,1.0,0.34427502420213485,2521.555555555555
720,1.0,0.18181818181818182,1.0,0.0,0.2959496710035536,4087.555555555556
721,1.0,0.18181818181818182,1.0,0.3344947735191638,0.2822246816423204,4214.333333333333
722,1.0,0.18181818181818182,1.0,0.6689895470383276,0.2720003128051758,4307.444444444444
723,1.0,0.18181818181818182,1.0,1.0,0.2677643299102783,4357.666666666667
724,1.0,0.18181818181818182,0.0,0.0,1.0095914999643962,3283.888888888889
725,1.0,0.18181818181818182,0.0,0.3344947735191638,0.9638193448384604,3358.4444444444453
726,1.0,0.18181818181818182,0.0,0.6689895470383276,0.9449470308091904,3434.777777777778
727,1.0,0.18181818181818182,0.0,1.0,0.9423199229770236,3443.5555555555547
728,1.0,0.18181818181818182,0.3076923076923077,0.0,0.3932492203182644,2336.3333333333335
729,1.0,0.18181818181818182,0.3076923076923077,0.3344947735191638,0.3774841096666124,2387.222222222222
730,1.0,0.18181818181818182,0.3076923076923077,0.6689895470383276,0.3660483360290527,2480.3333333333335
731,1.0,0.18181818181818182,0.3076923076923077,1.0,0.3861515257093642,2614.777777777778
732,1.0,0.18181818181818182,0.6923076923076923,0.0,0.30280057589213055,2624.444444444445
733,1.0,0.18181818181818182,0.6923076923076923,0.3344947735191638,0.2864811155531142,2675.444444444445
734,1.0,0.18181818181818182,0.6923076923076923,0.6689895470383276,0.27740022871229386,2759.0
735,1.0,0.18181818181818182,0.6923076923076923,1.0,0.2663825617896186,2775.777777777778
736,1.0,0.2727272727272727,1.0,0.0,0.2652064429389106,4350.222222222223
737,1.0,0.2727272727272727,1.0,0.3344947735191638,0.25290314356486004,4595.777777777777
738,1.0,0.2727272727272727,1.0,0.6689895470383276,0.23562179671393504,4654.0
739,1.0,0.2727272727272727,1.0,1.0,0.23152346081203884,4670.11111111111
740,1.0,0.2727272727272727,0.0,0.0,0.9517814583248564,3697.777777777778
741,1.0,0.2727272727272727,0.0,0.3344947735191638,0.9675776958465576,3925.555555555556
742,1.0,0.2727272727272727,0.0,0.6689895470383276,0.9666527112325032,3959.0
743,1.0,0.2727272727272727,0.0,1.0,0.9318235715230306,4086.111111111111
744,1.0,0.2727272727272727,0.3076923076923077,0.0,0.4098782009548611,2793.666666666666
745,1.0,0.2727272727272727,0.3076923076923077,0.3344947735191638,0.3886437680986192,2878.0
746,1.0,0.2727272727272727,0.3076923076923077,0.6689895470383276,0.3803808424207899,2911.777777777778
747,1.0,0.2727272727272727,0.3076923076923077,1.0,0.36505921681722,2978.4444444444453
748,1.0,0.2727272727272727,0.6923076923076923,0.0,0.2700691223144531,2870.333333333334
749,1.0,0.2727272727272727,0.6923076923076923,0.3344947735191638,0.2568225595686171,3064.222222222222
750,1.0,0.2727272727272727,0.6923076923076923,0.6689895470383276,0.2402893437279595,3063.5555555555547
751,1.0,0.2727272727272727,0.6923076923076923,1.0,0.2463555335998535,3291.333333333334
752,1.0,0.36363636363636365,1.0,0.0,0.2491032282511393,4765.333333333333
753,1.0,0.36363636363636365,1.0,0.3344947735191638,0.2316428820292155,5102.222222222223
754,1.0,0.36363636363636365,1.0,0.6689895470383276,0.21298066775004068,5051.333333333333
755,1.0,0.36363636363636365,1.0,1.0,0.21110643280877006,5269.88888888889
756,1.0,0.36363636363636365,0.0,0.0,0.9385336240132652,4077.666666666666
757,1.0,0.36363636363636365,0.0,0.3344947735191638,0.9245706664191352,4409.222222222223
758,1.0,0.36363636363636365,0.0,0.6689895470383276,0.9226770401000975,4528.11111111111
759,1.0,0.36363636363636365,0.0,1.0,0.9239865409003364,4611.0
760,1.0,0.36363636363636365,0.3076923076923077,0.0,0.3750313652886285,3055.5555555555547
761,1.0,0.36363636363636365,0.3076923076923077,0.3344947735191638,0.36646278699239093,3191.666666666666
762,1.0,0.36363636363636365,0.3076923076923077,0.6689895470383276,0.3510840998755561,3276.4444444444453
763,1.0,0.36363636363636365,0.3076923076923077,1.0,0.3493092060089111,3333.888888888889
764,1.0,0.36363636363636365,0.6923076923076923,0.0,0.2659892241160075,3284.111111111111
765,1.0,0.36363636363636365,0.6923076923076923,0.3344947735191638,0.247535679075453,3360.222222222222
766,1.0,0.36363636363636365,0.6923076923076923,0.6689895470383276,0.23213389184739855,3436.111111111111
767,1.0,0.36363636363636365,0.6923076923076923,1.0,0.2272764046986898,3519.4444444444453
