,core0_status,core1_status,core2_status,core3_status,core_freq,gpu_freq,emc_freq,inference_time,energy_consumption,temperature
0,1,0,1,0,960000,140250000,1600000000,0.6682889461517334,61031.0,38281.25
1,1,1,0,1,960000,1211250000,1600000000,0.416964054107666,34802.0,39062.5
2,1,1,1,1,1574400,140250000,800000000,0.8428549766540527,46033.0,38678.57142857143
3,1,1,0,1,652800,497250000,800000000,0.832103967666626,37767.0,38583.333333333336
4,1,1,1,1,806400,318750000,68000000,3.80151891708374,14562.0,38250.0
5,1,1,1,1,652800,1300500000,102000000,1.9563279151916504,12158.0,38375.0
6,1,1,1,1,1420800,854250000,1866000000,0.23732590675354004,34626.0,38666.66666666666
7,1,1,1,0,1420800,765000000,1062400000,0.3613460063934326,44356.0,38562.5
8,1,1,1,1,2035200,497250000,1600000000,0.27489280700683594,39236.0,38750.0
9,1,0,0,0,1267200,1211250000,1062400000,0.37880802154541016,49465.0,39000.0
10,1,1,0,0,1881600,318750000,800000000,0.3200550079345703,46798.0,38583.333333333336
11,1,0,1,1,1113600,586500000,1062400000,0.3402900695800781,42069.0,38416.66666666666
12,1,1,1,0,960000,318750000,1331200000,0.3920619487762451,43290.0,38428.57142857143
13,1,0,1,1,1113600,318750000,40800000,27.862394094467163,28553.0,37906.25
14,1,1,0,0,1574400,1122000000,40800000,26.740784883499146,31554.0,38312.5
15,1,1,1,0,345600,1300500000,204000000,1.365832805633545,21882.0,38375.0
16,1,0,0,0,1267200,229500000,1331200000,0.4775869846343994,53124.0,38550.0
17,1,0,1,0,652800,318750000,102000000,1.949930191040039,16316.0,38166.66666666666
18,1,1,0,0,1113600,675750000,1331200000,0.5661640167236328,48548.0,38425.0
19,1,1,0,1,1574400,586500000,40800000,27.071491956710812,30075.0,38392.857142857145
20,1,0,0,0,1881600,1211250000,408000000,0.8056268692016602,29915.0,38500.0
21,1,0,0,1,652800,854250000,665600000,0.8645901679992676,33271.0,38468.75
22,1,0,1,0,1881600,1300500000,204000000,0.8777461051940918,19857.0,38750.0
23,1,1,0,0,1574400,1032750000,800000000,0.34525203704833984,36584.0,38861.11111111112
24,1,1,0,0,2035200,408000000,40800000,27.20240807533264,30946.0,38785.71428571428
25,1,1,1,1,1881600,229500000,68000000,2.9184229373931885,14219.0,38812.5
26,1,0,0,0,652800,140250000,800000000,0.8010330200195312,53961.0,39125.0
27,1,0,0,0,1420800,318750000,408000000,0.7655160427093506,27402.0,39107.142857142855
28,1,1,0,0,345600,854250000,40800000,27.1192090511322,25386.0,38875.0
29,1,0,1,0,345600,586500000,800000000,0.8896970748901367,36012.0,39000.0
30,1,1,1,0,1728000,943500000,800000000,0.27944111824035645,32164.0,39281.25
31,1,0,0,1,499200,229500000,1600000000,0.6554439067840576,58596.0,39291.66666666666
32,1,1,1,1,1574400,586500000,1866000000,0.3135809898376465,36570.0,39821.42857142857
33,1,1,1,1,1420800,1122000000,204000000,1.0094540119171145,16883.0,39416.66666666666
34,1,1,1,0,960000,1211250000,102000000,1.6371290683746338,14371.0,39333.333333333336
35,1,1,1,0,1881600,854250000,1600000000,0.2057960033416748,33751.0,39900.0
36,1,0,0,1,960000,318750000,40800000,26.233773946762085,27676.0,39071.42857142857
37,1,1,1,1,1728000,1122000000,800000000,0.33500099182128906,41651.0,39312.5
38,1,0,1,0,499200,943500000,1866000000,0.8102309703826904,48531.0,39750.0
39,1,0,0,1,345600,229500000,408000000,1.3700380325317385,41084.0,39384.61538461538
40,1,0,1,0,2035200,497250000,40800000,25.717538833618164,27705.0,39428.57142857143
41,1,1,1,0,1881600,318750000,1331200000,0.33430910110473633,39542.0,39833.333333333336
42,1,0,0,0,2035200,1300500000,1866000000,0.17185688018798828,20714.0,40500.0
43,1,1,0,1,345600,765000000,1062400000,0.7399401664733887,34825.0,40031.25
44,1,0,1,0,806400,765000000,665600000,1.0278639793395996,32890.0,39781.25
45,1,0,0,1,499200,408000000,1866000000,0.9016921520233154,58277.0,40350.0
46,1,1,0,1,960000,675750000,40800000,26.469807863235477,25922.0,39678.57142857143
47,1,0,0,1,1574400,943500000,1866000000,0.24516987800598145,44758.0,40300.0
48,1,1,0,1,1420800,1211250000,1062400000,0.3948071002960205,33829.0,40000.0
49,1,0,1,1,960000,943500000,665600000,0.5054190158843994,30913.0,39781.25
50,1,1,1,1,960000,943500000,1866000000,0.3594169616699219,34017.0,40250.0
51,1,1,1,1,1420800,497250000,800000000,0.2959990501403809,36666.0,40000.0
52,1,0,1,1,1728000,854250000,800000000,0.3314518928527832,42380.0,40083.333333333336
53,1,1,1,0,499200,1122000000,68000000,3.4058229923248287,14485.0,39812.5
54,1,1,0,1,1267200,854250000,68000000,3.333420991897583,17537.0,39666.66666666666
55,1,1,1,0,806400,765000000,68000000,2.9322719573974614,10370.0,39500.0
56,1,0,0,1,1574400,1122000000,800000000,0.294417142868042,44051.0,39888.88888888888
57,1,1,1,0,1881600,140250000,408000000,0.7828388214111328,27898.0,39687.5
58,1,0,0,1,1574400,586500000,68000000,2.90010404586792,13838.0,39416.66666666666
59,1,1,1,0,1113600,318750000,204000000,1.1412429809570312,17422.0,39312.5
60,1,1,0,0,806400,318750000,204000000,1.0178461074829102,15932.0,39333.333333333336
61,1,0,1,1,499200,675750000,665600000,0.6185181140899658,25762.0,39400.0
62,1,0,1,1,1267200,943500000,1062400000,0.26256704330444336,39831.0,39656.25
63,1,1,1,0,652800,408000000,665600000,0.7923979759216309,26758.0,39625.0
64,1,1,0,0,1267200,1211250000,68000000,3.3271889686584477,11700.0,39750.0
65,1,0,1,0,1113600,1122000000,40800000,28.61981701850891,31896.0,40000.0
66,1,1,1,1,1881600,1122000000,408000000,0.3963918685913086,12651.0,39833.333333333336
67,1,0,0,0,2035200,943500000,1331200000,0.1887068748474121,17714.0,40750.0
68,1,1,0,0,1267200,1300500000,408000000,0.4631521701812744,27975.0,40166.66666666666
69,1,1,0,0,960000,229500000,800000000,1.0237851142883299,43063.0,40071.42857142857
70,1,0,1,1,1881600,497250000,800000000,0.3348379135131836,48855.0,40187.5
71,1,1,1,1,1267200,854250000,68000000,2.974900960922241,10941.0,39800.0
72,1,0,0,1,499200,675750000,1331200000,0.8677139282226562,40775.0,40038.46153846154
73,1,1,1,0,345600,408000000,408000000,1.283100128173828,25161.0,39861.11111111112
74,1,0,1,0,652800,229500000,68000000,3.49183988571167,13076.0,39583.333333333336
75,1,0,0,1,1728000,497250000,1062400000,0.3834350109100342,52209.0,39795.454545454544
76,1,1,1,0,499200,229500000,665600000,0.6986129283905029,29347.0,39805.55555555556
77,1,0,1,1,806400,497250000,68000000,3.28849196434021,13457.0,39500.0
78,1,0,1,1,2035200,675750000,1062400000,0.28986096382141113,38968.0,39843.75
79,1,1,0,1,1574400,1032750000,204000000,1.0398509502410889,16008.0,39650.0
80,1,1,1,1,960000,1032750000,408000000,0.6393520832061768,22224.0,39625.0
81,1,1,1,1,1113600,675750000,1600000000,0.26683807373046875,33649.0,39843.75
82,1,0,1,0,1881600,140250000,68000000,3.483726024627685,14030.0,39500.0
83,1,0,0,1,1881600,408000000,1062400000,0.3671631813049317,45234.0,39821.42857142857
84,1,1,0,0,499200,943500000,665600000,1.2252340316772459,39064.0,39600.0
85,1,1,1,0,1574400,854250000,800000000,0.3931479454040527,40051.0,39812.5
86,1,1,1,0,960000,675750000,1600000000,0.38465285301208496,44547.0,39928.57142857143
87,1,0,1,1,2035200,140250000,800000000,0.6305491924285889,49234.0,40156.25
88,1,0,0,0,960000,943500000,800000000,0.5033140182495117,41499.0,40025.0
89,1,0,1,0,1574400,586500000,1600000000,0.2805328369140625,60112.0,40250.0
90,1,1,1,1,499200,229500000,1866000000,0.6070640087127686,46437.0,40464.28571428572
91,1,1,0,1,2035200,675750000,665600000,0.3626928329467773,39899.0,40416.66666666666
92,1,1,0,1,1113600,318750000,1331200000,0.3999309539794922,46835.0,40350.0
93,1,1,0,1,1267200,408000000,102000000,1.945686101913452,17117.0,40000.0
94,1,0,0,0,806400,1032750000,408000000,1.1290419101715088,28313.0,40208.333333333336
95,1,1,1,1,1574400,765000000,1331200000,0.2586948871612549,30526.0,40550.0
96,1,1,0,1,1574400,1300500000,204000000,1.1718158721923828,19706.0,40416.66666666666
97,1,0,1,0,1420800,943500000,1331200000,0.5847799777984619,34107.0,40375.0
98,1,0,0,0,1574400,497250000,1062400000,0.3523209095001221,26024.0,40400.0
99,1,0,0,1,1881600,408000000,1866000000,0.21665191650390625,68645.0,40954.545454545456
100,1,1,1,0,2035200,1300500000,408000000,0.3886680603027344,31247.0,40850.0
101,1,0,1,1,1420800,1032750000,40800000,26.43675899505615,28504.0,40464.28571428572
102,1,0,0,1,652800,1032750000,1866000000,0.4800610542297363,37098.0,41142.857142857145
103,1,0,0,1,1728000,765000000,1866000000,0.2166309356689453,14126.0,41062.5
104,1,1,0,0,960000,765000000,1866000000,0.3770010471343994,47539.0,41000.0
105,1,1,0,1,345600,497250000,68000000,2.897608995437622,13190.0,40250.0
106,1,1,1,1,1113600,854250000,665600000,0.4800369739532471,31444.0,40218.75
107,1,1,1,0,499200,408000000,665600000,0.7595109939575195,33272.0,40200.0
108,1,0,0,0,2035200,1211250000,40800000,28.163753986358643,29344.0,40666.66666666666
109,1,0,1,1,1113600,140250000,1600000000,0.6178040504455566,37106.0,40750.0
110,1,1,1,0,1113600,1032750000,68000000,3.1470000743865967,14103.0,40375.0
111,1,0,1,0,1267200,408000000,1331200000,0.33296895027160645,51521.0,40409.09090909091
112,1,1,1,0,499200,1211250000,800000000,0.970688819885254,30988.0,40541.66666666666
113,1,0,0,0,1267200,586500000,68000000,3.1741878986358643,13954.0,40083.333333333336
114,1,0,0,0,2035200,765000000,40800000,27.74558901786804,29961.0,39906.25
115,1,1,0,1,1728000,497250000,40800000,26.650967121124268,30264.0,39571.42857142857
116,1,1,0,0,1113600,229500000,1600000000,0.4704930782318115,46414.0,39659.09090909091
117,1,1,0,1,2035200,318750000,1062400000,0.2973110675811768,32154.0,39916.66666666666
118,1,0,1,0,1267200,497250000,1866000000,0.3213779926300049,30436.0,40200.0
119,1,1,1,0,499200,586500000,1866000000,0.708111047744751,42439.0,40222.22222222222
120,1,0,1,1,1420800,854250000,102000000,1.7848739624023438,18145.0,39812.5
121,1,1,1,0,345600,1122000000,408000000,1.1424560546875,37229.0,39750.0
122,1,0,0,1,499200,765000000,1062400000,0.7387728691101074,42604.0,39825.0
123,1,0,0,0,1113600,229500000,204000000,1.351973056793213,18031.0,39785.71428571428
124,1,0,1,0,1728000,408000000,1062400000,0.3811271190643311,35170.0,40166.66666666666
125,1,0,1,1,1881600,586500000,68000000,3.269195079803467,11018.0,39687.5
126,1,1,0,0,1881600,140250000,665600000,0.6502280235290527,40813.0,39825.0
127,1,1,0,1,1574400,675750000,1331200000,0.3103799819946289,28504.0,40083.333333333336
128,1,0,1,0,652800,229500000,1866000000,0.5231969356536865,56452.0,40305.55555555556
129,1,1,1,1,806400,943500000,1600000000,0.3814399242401123,46530.0,40437.5
130,1,1,1,0,345600,586500000,204000000,1.4483561515808103,17537.0,39812.5
131,1,0,0,0,2035200,318750000,665600000,0.486997127532959,47560.0,40166.66666666666
132,1,0,1,1,345600,1032750000,1866000000,0.7635159492492676,50506.0,40687.5
133,1,0,1,0,652800,586500000,1600000000,0.4672820568084717,50339.0,40527.77777777778
134,1,0,1,0,652800,854250000,204000000,1.1276919841766355,18297.0,40150.0
135,1,1,0,0,1574400,140250000,1331200000,0.6238479614257812,52920.0,40450.0
136,1,1,0,1,1113600,408000000,68000000,3.055220127105713,13649.0,39916.66666666666
137,1,1,1,0,2035200,765000000,665600000,0.2571020126342773,37919.0,40093.75
138,1,0,1,0,960000,1211250000,800000000,0.5803627967834473,39059.0,40416.66666666666
139,1,1,1,1,1574400,675750000,1600000000,0.22786784172058105,39518.0,40450.0
140,1,0,1,1,1728000,586500000,204000000,0.8910930156707764,14561.0,40000.0
141,1,1,1,1,652800,229500000,1600000000,0.567425012588501,37308.0,40250.0
142,1,1,0,0,960000,765000000,40800000,25.444548845291138,28823.0,39750.0
143,1,0,1,1,806400,943500000,204000000,1.2226967811584473,19096.0,39416.66666666666
144,1,0,1,1,499200,408000000,204000000,1.238767147064209,14334.0,39312.5
145,1,1,1,0,1574400,1211250000,1331200000,0.2595820426940918,32383.0,39909.09090909091
146,1,1,0,0,1881600,1032750000,1866000000,0.3314790725708008,35525.0,40850.0
147,1,1,0,1,345600,318750000,800000000,1.193498134613037,27862.0,39625.0
148,1,1,0,0,499200,229500000,1600000000,0.6717259883880615,34565.0,39964.28571428572
149,1,1,0,1,1881600,229500000,408000000,0.582287073135376,27557.0,39800.0
150,1,0,1,0,1267200,943500000,665600000,0.6307861804962158,34490.0,39791.66666666666
151,1,1,0,1,345600,943500000,665600000,1.2085239887237549,26304.0,39607.142857142855
152,1,1,0,1,1728000,140250000,204000000,1.2532248497009275,14751.0,39583.333333333336
153,1,1,1,0,1728000,140250000,40800000,26.57423186302185,29011.0,39428.57142857143
154,1,0,1,1,806400,497250000,1866000000,0.3981330394744873,55160.0,39650.0
155,1,0,1,1,2035200,229500000,68000000,3.3832929134368896,12423.0,39187.5
156,1,0,0,1,1574400,854250000,665600000,0.3776748180389404,39708.0,39361.11111111112
157,1,0,0,1,1113600,1300500000,800000000,0.7219691276550293,32925.0,39785.71428571428
158,1,1,1,0,345600,140250000,40800000,26.0090389251709,19786.0,38714.28571428572
159,1,1,0,0,1113600,408000000,800000000,0.5242340564727783,39670.0,38666.66666666666
160,1,1,1,0,345600,765000000,1600000000,0.9674761295318604,46378.0,38909.09090909091
161,1,0,1,0,960000,765000000,800000000,0.4434359073638916,38374.0,38906.25
162,1,1,1,0,806400,854250000,800000000,0.6246099472045898,32510.0,38875.0
163,1,0,1,1,1113600,765000000,1600000000,0.4623701572418213,30067.0,39250.0
164,1,0,0,1,1113600,1300500000,408000000,0.6253399848937988,24014.0,39208.333333333336
165,1,0,0,0,960000,497250000,1600000000,0.4217560291290283,50981.0,39281.25
166,1,0,1,0,1728000,1122000000,204000000,0.8948800563812256,15437.0,39200.0
167,1,0,1,1,1574400,318750000,1866000000,0.3140220642089844,72109.0,39583.333333333336
168,1,0,0,1,806400,943500000,1331200000,0.5974249839782715,47055.0,39750.0
169,1,0,1,0,1574400,318750000,102000000,1.8123879432678225,14030.0,39125.0
170,1,0,1,0,960000,675750000,204000000,1.1886770725250244,14296.0,39031.25
171,1,1,0,1,1881600,854250000,800000000,0.2815110683441162,34222.0,39375.0
172,1,0,0,0,806400,1211250000,68000000,2.8310189247131348,11434.0,39375.0
173,1,1,1,1,1420800,765000000,1331200000,0.25240206718444824,32353.0,39214.28571428572
174,1,0,0,1,1420800,1032750000,68000000,3.328800916671753,17649.0,39166.66666666666
175,1,1,0,0,499200,1300500000,665600000,0.8561811447143555,32130.0,39222.22222222222
176,1,1,0,0,345600,854250000,1062400000,0.7446730136871338,65321.0,39400.0
177,1,1,1,1,1574400,765000000,665600000,0.3245458602905273,40432.0,39375.0
178,1,1,1,1,1113600,586500000,1331200000,0.3737468719482422,38414.0,39392.857142857145
179,1,1,1,0,1267200,408000000,40800000,25.982878923416138,25503.0,39035.71428571428
180,1,0,1,1,499200,318750000,204000000,1.361124038696289,17384.0,38800.0
181,1,1,1,0,806400,497250000,40800000,27.19488286972046,28363.0,38750.0
182,1,1,1,1,1267200,675750000,102000000,1.7279059886932373,11018.0,38583.333333333336
183,1,1,0,1,1267200,675750000,665600000,0.4312300682067871,32697.0,38694.444444444445
184,1,0,0,1,345600,497250000,204000000,1.2815909385681152,21272.0,38555.55555555556
185,1,1,0,1,1267200,854250000,408000000,0.3759019374847412,26337.0,38714.28571428572
186,1,1,1,1,499200,943500000,1866000000,0.3628292083740233,45223.0,39285.71428571428
187,1,0,1,1,806400,1122000000,68000000,3.2026050090789795,17992.0,39000.0
188,1,1,0,1,499200,140250000,204000000,1.2770309448242188,16851.0,38750.0
189,1,1,1,1,1728000,854250000,1600000000,0.231234073638916,38436.0,39458.333333333336
190,1,1,0,0,960000,586500000,1062400000,0.8287489414215088,43176.0,39000.0
191,1,0,0,1,1420800,765000000,408000000,0.7099950313568115,26452.0,38900.0
192,1,1,0,0,1113600,854250000,40800000,25.397680044174194,28050.0,39027.77777777778
193,1,1,1,0,1420800,140250000,40800000,26.393480062484738,28555.0,38750.0
194,1,1,0,0,1113600,408000000,68000000,3.2245631217956543,13839.0,38583.333333333336
195,1,1,1,1,1420800,140250000,1866000000,0.6698379516601562,61183.0,39392.857142857145
196,1,0,1,1,1881600,229500000,40800000,25.521290063858032,30534.0,38750.0
197,1,1,0,1,806400,943500000,1600000000,0.3232710361480713,49345.0,39000.0
198,1,1,0,1,1267200,497250000,68000000,3.078810930252075,17307.0,38750.0
199,1,0,1,1,960000,675750000,1600000000,0.3109641075134277,45807.0,38964.28571428572
200,1,1,0,1,1113600,318750000,204000000,1.1061670780181885,16468.0,38687.5
201,1,0,0,1,1728000,586500000,800000000,0.3726620674133301,45272.0,39000.0
202,1,1,1,0,1267200,765000000,1600000000,0.25554800033569336,9794.0,39250.0
203,1,1,1,1,1267200,318750000,68000000,3.2257230281829834,13839.0,38666.66666666666
204,1,0,0,1,1113600,497250000,665600000,0.9127750396728516,32509.0,38718.75
205,1,1,1,0,1881600,1032750000,68000000,3.1835629940032963,14981.0,38916.66666666666
206,1,1,0,1,2035200,140250000,1600000000,0.565601110458374,55164.0,39142.857142857145
207,1,1,0,1,1881600,586500000,1600000000,0.2635970115661621,32113.0,39464.28571428572
208,1,0,0,0,1420800,1211250000,1062400000,0.34414100646972656,35326.0,39285.71428571428
209,1,1,1,0,806400,408000000,1331200000,0.6518721580505371,39708.0,39166.66666666666
210,1,1,1,1,960000,229500000,408000000,0.7995331287384033,21197.0,39083.333333333336
211,1,0,0,1,2035200,586500000,68000000,3.50785493850708,14487.0,39083.333333333336
212,1,0,0,0,960000,408000000,408000000,0.9333128929138184,31249.0,38950.0
213,1,0,0,0,806400,765000000,1866000000,0.27632498741149897,26167.0,39625.0
214,1,1,0,0,1113600,943500000,408000000,0.5229549407958984,26037.0,39250.0
215,1,1,1,1,1420800,140250000,204000000,1.228679895401001,14335.0,39000.0
216,1,1,1,1,499200,943500000,102000000,2.051933765411377,14600.0,38916.66666666666
217,1,0,0,0,960000,1032750000,40800000,26.879677057266235,25505.0,39000.0
218,1,0,0,1,1113600,1032750000,102000000,1.7711660861968994,13990.0,38916.66666666666
219,1,0,1,0,1113600,765000000,800000000,0.5538439750671387,28316.0,38850.0
220,1,0,0,1,2035200,1032750000,1331200000,0.1820850372314453,11428.0,39750.0
221,1,1,0,1,345600,1122000000,1866000000,0.5825848579406738,47743.0,39659.09090909091
222,1,0,1,0,2035200,140250000,408000000,0.6990001201629639,25608.0,39375.0
223,1,1,0,0,652800,140250000,1062400000,0.8027219772338867,56368.0,39312.5
224,1,1,1,0,1420800,408000000,1866000000,0.3089230060577393,61754.0,39750.0
225,1,1,1,1,806400,943500000,1331200000,0.5175659656524658,34719.0,39656.25
226,1,1,0,0,1420800,1300500000,800000000,0.5058829784393309,45196.0,39888.88888888888
227,1,0,1,1,806400,497250000,1600000000,0.5296649932861328,41806.0,39666.66666666666
228,1,0,1,1,1881600,497250000,408000000,0.5861389636993408,23976.0,39600.0
229,1,0,1,1,1113600,854250000,1866000000,0.3420579433441162,34512.0,40035.71428571428
230,1,1,0,0,806400,1032750000,1600000000,0.7774338722229004,54418.0,40150.0
231,1,1,0,1,1574400,1032750000,40800000,25.8573739528656,32473.0,39964.28571428572
232,1,1,1,0,806400,1211250000,1062400000,0.4111688137054443,39520.0,39916.66666666666
233,1,1,1,0,2035200,229500000,1600000000,0.3914339542388916,43121.0,40187.5
234,1,0,1,0,1728000,675750000,665600000,0.37365293502807617,39440.0,40071.42857142857
235,1,0,1,0,1574400,497250000,204000000,1.0620551109313965,20161.0,39833.333333333336
236,1,0,0,0,2035200,1300500000,40800000,26.489440202713013,30220.0,40583.333333333336
237,1,0,0,1,1728000,497250000,800000000,0.3903210163116455,37079.0,40343.75
238,1,1,1,0,345600,675750000,68000000,3.408379077911377,9988.0,40000.0
239,1,1,0,0,2035200,408000000,102000000,1.4550259113311768,11244.0,39916.66666666666
240,1,0,1,0,345600,675750000,40800000,25.45280385017395,24284.0,39541.66666666666
241,1,0,1,0,1113600,1122000000,408000000,0.7466590404510498,24888.0,39333.333333333336
242,1,1,0,0,499200,854250000,68000000,2.914128065109253,11397.0,39166.66666666666
243,1,0,0,0,1113600,497250000,800000000,0.7294671535491943,45122.0,39250.0
244,1,1,1,1,1881600,497250000,204000000,0.9877898693084716,15285.0,39300.0
245,1,1,1,1,1728000,497250000,204000000,0.9235911369323729,14869.0,39208.333333333336
246,1,0,1,1,1420800,675750000,204000000,1.1175310611724854,14678.0,39125.0
247,1,1,1,1,1574400,586500000,665600000,0.3349039554595947,34303.0,39187.5
248,1,0,0,1,1728000,497250000,800000000,0.3710770606994629,38185.0,39400.0
249,1,1,0,1,1267200,318750000,204000000,1.0586960315704346,13801.0,39166.66666666666
250,1,1,0,1,652800,586500000,1331200000,0.666813850402832,36660.0,39406.25
251,1,1,1,1,652800,1300500000,204000000,1.1624889373779297,15779.0,39375.0
252,1,0,0,0,499200,765000000,1866000000,0.6470870971679688,49101.0,40050.0
253,1,0,1,1,652800,497250000,665600000,0.6695270538330078,28051.0,39571.42857142857
254,1,0,0,0,1728000,140250000,1062400000,0.7295150756835938,56545.0,39714.28571428572
255,1,1,1,1,1881600,586500000,1600000000,0.29346323013305664,35845.0,39875.0
256,1,0,0,0,806400,1211250000,40800000,25.92483615875244,31022.0,39916.66666666666
257,1,0,0,1,806400,854250000,1062400000,0.8401689529418945,42797.0,39785.71428571428
258,1,0,0,1,806400,408000000,665600000,0.9534950256347656,30805.0,39678.57142857143
259,1,1,1,0,960000,1032750000,102000000,1.9695611000061035,17725.0,39666.66666666666
260,1,0,1,1,1420800,1211250000,665600000,0.3640310764312744,37572.0,39777.77777777778
261,1,1,1,0,1113600,1032750000,1331200000,0.24961495399475095,27704.0,39850.0
262,1,1,0,1,2035200,943500000,68000000,3.0390830039978027,15018.0,39666.66666666666
263,1,1,0,1,806400,943500000,68000000,3.252441883087158,16120.0,39500.0
264,1,1,1,0,806400,854250000,665600000,0.7317800521850586,31864.0,39428.57142857143
265,1,0,0,0,1267200,408000000,68000000,3.138057947158813,10560.0,39250.0
266,1,0,1,0,960000,1122000000,1600000000,0.4452221393585205,55633.0,39590.90909090909
267,1,0,1,1,1728000,229500000,1062400000,0.4532039165496826,55751.0,39714.28571428572
268,1,1,0,0,1420800,675750000,1331200000,0.4980671405792236,28431.0,39750.0
269,1,0,1,1,499200,586500000,408000000,1.2464189529418943,21805.0,39400.0
270,1,1,1,1,1881600,229500000,102000000,2.19898009300232,17688.0,39350.0
271,1,1,0,0,499200,765000000,40800000,26.781304836273193,30758.0,39357.142857142855
272,1,0,0,1,806400,229500000,68000000,3.3104829788208012,16316.0,39166.66666666666
273,1,1,1,0,1574400,943500000,800000000,0.3421628475189209,45120.0,39375.0
274,1,1,1,1,1728000,586500000,408000000,0.4453530311584473,12308.0,39350.0
275,1,0,1,1,1728000,318750000,102000000,1.7590789794921875,17536.0,39166.66666666666
276,1,0,0,1,1420800,1032750000,204000000,0.8994669914245605,11740.0,39250.0
277,1,1,1,1,499200,854250000,40800000,25.66039204597473,22452.0,39000.0
278,1,0,0,0,499200,140250000,1331200000,0.7887639999389648,60300.0,39211.53846153846
279,1,0,1,0,652800,1211250000,1866000000,0.3893659114837647,55191.0,39700.0
280,1,0,1,0,1728000,408000000,1331200000,0.2749419212341309,59783.0,39818.181818181816
281,1,1,1,1,1574400,1211250000,102000000,2.0102519989013667,16388.0,39450.0
282,1,1,0,0,1881600,1032750000,68000000,3.449420928955078,14903.0,39312.5
283,1,1,1,1,652800,1032750000,665600000,0.694911003112793,31218.0,39214.28571428572
284,1,0,0,0,499200,765000000,204000000,1.1444799900054932,18298.0,39125.0
285,1,1,0,0,1574400,1122000000,68000000,3.2247440814971924,15322.0,39250.0
286,1,1,1,0,499200,675750000,408000000,1.2687509059906006,20243.0,38958.333333333336
287,1,0,1,0,1881600,854250000,1600000000,0.20996999740600586,34055.0,39900.0
288,1,0,1,1,499200,1300500000,408000000,1.1401588916778564,27319.0,39375.0
289,1,1,1,0,1113600,765000000,1062400000,0.43906307220458973,37270.0,39400.0
290,1,1,0,1,1881600,497250000,1600000000,0.2206740379333496,32647.0,39714.28571428572
291,1,1,1,1,1267200,140250000,40800000,28.26174306869507,28935.0,38968.75
292,1,1,1,1,652800,586500000,1331200000,0.42493700981140137,31635.0,39250.0
293,1,1,1,0,1267200,408000000,408000000,0.5569610595703125,22112.0,39000.0
294,1,0,0,1,960000,675750000,800000000,0.6586360931396484,37421.0,39166.66666666666
295,1,1,1,0,345600,408000000,665600000,1.1717710494995115,28318.0,39083.333333333336
296,1,0,1,0,652800,765000000,204000000,1.1217639446258545,17765.0,39000.0
297,1,0,0,1,806400,1032750000,40800000,27.24581789970398,27673.0,39250.0
298,1,1,0,0,345600,765000000,800000000,0.8649349212646484,58213.0,39166.66666666666
299,1,1,0,1,1881600,1032750000,68000000,3.10258412361145,15625.0,39300.0
300,1,0,1,1,1881600,586500000,1062400000,0.2563629150390625,40966.0,39250.0
301,1,1,1,1,499200,1300500000,102000000,1.6443529129028318,11892.0,39300.0
302,1,0,1,1,1881600,586500000,102000000,1.9556539058685305,14373.0,39062.5
303,1,0,0,0,806400,854250000,1331200000,0.5100009441375732,49693.0,39285.71428571428
304,1,1,0,0,1113600,1032750000,1866000000,0.36177706718444813,53405.0,39900.0
305,1,1,1,0,2035200,1211250000,800000000,0.2730250358581543,46643.0,39888.88888888888
306,1,1,0,1,1881600,1300500000,1331200000,0.17683696746826172,39656.0,39964.28571428572
307,1,1,1,1,1574400,586500000,1062400000,0.260800838470459,41541.0,40000.0
308,1,1,0,1,806400,1300500000,665600000,0.5905449390411377,31588.0,39785.71428571428
309,1,0,1,1,1574400,943500000,665600000,0.37865400314331055,34258.0,39656.25
310,1,1,1,0,1881600,1211250000,1866000000,0.2377021312713623,42076.0,40750.0
311,1,0,0,1,960000,765000000,68000000,3.2520549297332764,13725.0,39562.5
312,1,1,0,1,1881600,1300500000,1062400000,0.19531011581420896,39021.0,40000.0
313,1,1,1,0,345600,1122000000,800000000,0.8486039638519287,35594.0,39875.0
314,1,0,0,1,345600,497250000,665600000,0.8117868900299072,46150.0,40035.71428571428
315,1,1,1,0,1881600,1032750000,1866000000,0.25743985176086426,38513.0,40625.0
316,1,1,1,0,806400,140250000,1600000000,0.6804699897766113,42720.0,40281.25
317,1,0,1,1,345600,943500000,40800000,26.14907813072205,25390.0,39642.857142857145
318,1,0,0,1,1113600,1122000000,1062400000,0.7438530921936035,37346.0,39678.57142857143
319,1,1,1,1,1267200,1211250000,1600000000,0.26801300048828125,36539.0,39928.57142857143
320,1,1,0,1,960000,229500000,68000000,3.27234411239624,10255.0,39312.5
321,1,0,0,0,1728000,1122000000,40800000,27.719074010849,27554.0,39687.5
322,1,1,1,1,960000,675750000,1866000000,0.4033339023590088,51403.0,39875.0
323,1,1,0,1,806400,1122000000,102000000,2.0352768898010254,13989.0,39500.0
324,1,0,1,1,499200,1032750000,102000000,2.272943019866944,15627.0,39300.0
325,1,1,1,0,2035200,1122000000,408000000,0.4037380218505859,27328.0,39500.0
326,1,1,1,1,806400,1211250000,800000000,0.5327990055084229,31978.0,39562.5
327,1,1,0,0,1574400,1300500000,102000000,1.9719572067260744,18220.0,39625.0
328,1,0,0,0,499200,586500000,204000000,1.1167078018188477,24663.0,39250.0
329,1,1,0,0,652800,1122000000,40800000,27.1337628364563,29154.0,39642.857142857145
330,1,1,1,0,1728000,140250000,204000000,1.2239561080932615,16006.0,39312.5
331,1,0,0,0,960000,1300500000,204000000,1.05948805809021,16997.0,39541.66666666666
332,1,1,0,1,1113600,1211250000,800000000,0.4122788906097412,33841.0,39656.25
333,1,1,0,1,1267200,408000000,800000000,0.4046750068664551,38644.0,39611.11111111112
334,1,0,1,1,2035200,140250000,102000000,2.361785888671875,17995.0,39416.66666666666
335,1,0,1,1,1728000,408000000,1331200000,0.3159492015838623,49921.0,39545.454545454544
336,1,0,1,1,1728000,943500000,204000000,0.8421130180358887,14752.0,39571.42857142857
337,1,1,1,0,1420800,1211250000,665600000,0.4307920932769776,37919.0,39666.66666666666
338,1,0,0,0,499200,943500000,1062400000,0.6099059581756592,58181.0,39906.25
339,1,0,0,0,652800,586500000,40800000,26.29403185844421,24322.0,39178.57142857143
340,1,0,0,0,1574400,318750000,1600000000,0.3251819610595703,57305.0,39333.333333333336
341,1,1,0,1,1267200,1211250000,204000000,0.958415985107422,19745.0,39333.333333333336
342,1,1,1,0,1574400,497250000,1331200000,0.2853670120239258,35784.0,39416.66666666666
343,1,0,1,0,2035200,140250000,40800000,25.32198786735535,30457.0,39178.57142857143
344,1,1,0,1,499200,586500000,1331200000,0.5221118927001953,36360.0,39343.75
345,1,1,1,1,1881600,1300500000,800000000,0.2749450206756592,44891.0,39892.857142857145
346,1,0,1,1,960000,854250000,68000000,2.8859009742736816,14255.0,39250.0
347,1,0,0,0,1420800,675750000,408000000,1.05678391456604,27860.0,39083.333333333336
348,1,1,0,0,345600,675750000,1866000000,0.7649919986724854,57232.0,39791.66666666666
349,1,1,1,1,1267200,854250000,408000000,0.4657049179077149,22415.0,39333.333333333336
350,1,0,1,1,1267200,1032750000,1866000000,0.27451300621032715,33637.0,39857.142857142855
351,1,0,1,1,1574400,854250000,408000000,0.382086992263794,28735.0,39583.333333333336
352,1,0,0,1,499200,675750000,102000000,1.7476999759674072,17308.0,39333.333333333336
353,1,1,1,0,1113600,943500000,68000000,3.2597460746765137,14182.0,39312.5
354,1,1,0,1,2035200,318750000,800000000,0.35457205772399897,33230.0,39464.28571428572
355,1,1,0,0,960000,586500000,1331200000,0.7038280963897705,47484.0,39545.454545454544
356,1,0,0,1,652800,1300500000,68000000,3.2762138843536377,15132.0,39550.0
357,1,1,1,0,499200,497250000,1062400000,0.953350067138672,27632.0,39300.0
358,1,1,1,1,1420800,765000000,40800000,27.57060813903809,31330.0,39458.333333333336
359,1,1,1,0,1728000,140250000,204000000,1.074087142944336,17150.0,39250.0
360,1,0,0,0,1728000,854250000,204000000,1.0443909168243408,19021.0,39437.5
361,1,1,0,1,1420800,497250000,1866000000,0.35844993591308594,36569.0,39958.333333333336
362,1,0,1,1,1267200,229500000,102000000,2.0420868396759038,10674.0,39333.333333333336
363,1,0,1,0,1420800,675750000,204000000,1.0072321891784668,17116.0,39250.0
364,1,1,1,1,1881600,140250000,665600000,0.6733338832855225,40546.0,39428.57142857143
365,1,1,1,0,652800,140250000,800000000,0.8421552181243896,32015.0,39464.28571428572
366,1,1,0,0,1420800,1300500000,68000000,2.893582820892334,14788.0,39416.66666666666
367,1,0,0,1,806400,586500000,800000000,0.8554317951202393,33802.0,39406.25
368,1,1,1,1,2035200,854250000,665600000,0.3027968406677246,36661.0,39531.25
369,1,0,1,0,960000,765000000,204000000,1.0360648632049558,19744.0,39375.0
370,1,0,1,0,345600,854250000,204000000,1.3347718715667725,20816.0,39357.142857142855
371,1,0,0,0,1420800,1122000000,800000000,0.45289492607116705,39707.0,39722.22222222222
372,1,0,0,1,1420800,140250000,800000000,0.6507401466369629,40241.0,39611.11111111112
373,1,1,1,1,1574400,854250000,102000000,1.7078020572662354,17497.0,39400.0
374,1,1,0,0,2035200,765000000,68000000,2.9742469787597656,11586.0,39312.5
375,1,1,0,1,1574400,1211250000,1600000000,0.18477320671081546,35922.0,39666.66666666666
376,1,0,1,1,960000,497250000,204000000,1.2311749458312988,17992.0,39416.66666666666
377,1,1,1,0,2035200,1122000000,1866000000,0.2332170009613037,36668.0,40350.0
378,1,1,1,0,652800,1122000000,40800000,25.60540509223938,30759.0,39785.71428571428
379,1,0,1,0,499200,675750000,1866000000,0.6496298313140869,43653.0,40107.142857142855
380,1,0,0,0,2035200,765000000,40800000,25.88899898529053,24430.0,39500.0
381,1,1,0,1,1574400,765000000,800000000,0.2842841148376465,39145.0,39406.25
382,1,1,0,1,1420800,1300500000,204000000,0.8788509368896484,18486.0,39833.333333333336
383,1,0,0,0,1574400,1211250000,68000000,3.287245035171509,11700.0,39625.0
384,1,1,0,1,1728000,854250000,68000000,3.065474033355713,11700.0,39375.0
385,1,1,0,0,960000,1122000000,68000000,3.3470749855041504,11626.0,39416.66666666666
386,1,1,1,1,806400,1122000000,68000000,2.883153915405273,11130.0,39375.0
387,1,1,0,1,2035200,675750000,68000000,2.9389219284057617,11511.0,39250.0
388,1,1,0,0,652800,497250000,1600000000,0.4965939521789551,48739.0,39375.0
389,1,1,0,0,1267200,854250000,68000000,2.9769480228424072,14028.0,39187.5
390,1,0,0,0,1420800,854250000,1600000000,0.2709078788757324,64517.0,39500.0
391,1,1,1,1,960000,1211250000,40800000,27.305506944656372,32660.0,39875.0
392,1,1,0,0,1420800,140250000,1331200000,0.6404218673706055,52818.0,39857.142857142855
393,1,0,1,1,499200,140250000,40800000,26.364830017089844,30384.0,38950.0
394,1,0,1,0,345600,586500000,665600000,1.241598129272461,39799.0,38886.36363636364
395,1,1,1,0,1881600,1032750000,1600000000,0.1994190216064453,59235.0,39350.0
396,1,1,0,1,499200,854250000,68000000,2.8801069259643555,14144.0,39000.0
397,1,0,0,1,1113600,497250000,204000000,1.0395851135253906,14372.0,38833.333333333336
398,1,0,1,0,1728000,318750000,1866000000,0.3284831047058105,36151.0,39593.75
399,1,0,0,1,806400,140250000,40800000,26.71832513809204,26992.0,38666.66666666666
400,1,1,1,1,1574400,229500000,665600000,0.4660630226135254,33610.0,38650.0
401,1,0,1,0,1420800,1300500000,1866000000,0.3156280517578125,46299.0,39916.66666666666
402,1,0,0,1,652800,943500000,1062400000,0.8437719345092773,33383.0,39093.75
403,1,0,0,1,1881600,1211250000,204000000,0.9072041511535645,15744.0,39041.66666666666
404,1,0,1,0,1113600,854250000,40800000,27.02849507331848,29812.0,38857.142857142855
405,1,1,0,1,1420800,1122000000,40800000,27.124141216278076,32125.0,39250.0
406,1,1,0,1,806400,1211250000,204000000,1.2954039573669434,18488.0,39100.0
407,1,1,0,1,652800,586500000,102000000,1.6473631858825684,10674.0,39000.0
408,1,0,1,0,1728000,1211250000,1062400000,0.24526309967041016,42821.0,39550.0
409,1,0,0,1,1420800,675750000,800000000,0.4661219120025635,43136.0,39388.88888888888
410,1,1,1,0,499200,1122000000,102000000,1.959341049194336,16927.0,39125.0
411,1,1,1,1,1113600,140250000,800000000,0.6763489246368408,33459.0,39156.25
412,1,0,1,1,1267200,765000000,40800000,27.227298021316532,30535.0,39093.75
413,1,0,1,1,1420800,229500000,40800000,25.417577981948853,29507.0,38821.42857142857
414,1,1,0,0,1728000,1032750000,408000000,0.3614199161529541,28894.0,38750.0
415,1,0,1,1,1420800,943500000,1331200000,0.3652629852294922,29838.0,39166.66666666666
416,1,1,0,1,1267200,586500000,40800000,26.6657989025116,29393.0,38888.88888888888
417,1,0,0,1,1267200,408000000,800000000,0.4683630466461182,39403.0,38861.11111111112
418,1,1,0,1,652800,1122000000,102000000,2.0398521423339844,17955.0,38666.66666666666
419,1,1,1,0,499200,854250000,1331200000,0.8545639514923096,36278.0,39055.55555555556
420,1,0,0,0,652800,765000000,102000000,1.983767032623291,17650.0,38750.0
421,1,1,1,0,1728000,943500000,1866000000,0.213374137878418,13444.0,39642.857142857145
422,1,0,1,1,960000,497250000,68000000,3.275009870529175,10331.0,38812.5
423,1,0,1,1,2035200,1122000000,1331200000,0.18530797958374026,51102.0,39250.0
424,1,0,1,1,1881600,765000000,408000000,0.4808568954467773,26300.0,39083.333333333336
425,1,0,0,0,2035200,1122000000,102000000,1.6454939842224119,22339.0,39250.0
426,1,1,1,1,1267200,1122000000,102000000,2.129750967025757,18259.0,38916.66666666666
427,1,0,0,1,1881600,229500000,204000000,1.0777971744537354,17873.0,38916.66666666666
428,1,1,1,0,1728000,497250000,1062400000,0.3421468734741211,35594.0,39125.0
429,1,0,0,0,1574400,854250000,102000000,2.5383760929107666,17575.0,38958.333333333336
430,1,1,1,1,960000,229500000,1866000000,0.4144110679626465,44532.0,39450.0
431,1,0,0,0,345600,318750000,1600000000,0.6218140125274658,44115.0,39600.0
432,1,1,1,0,499200,318750000,800000000,0.8469741344451904,31176.0,39333.333333333336
433,1,1,1,0,1728000,943500000,204000000,0.9269199371337892,15209.0,39150.0
434,1,1,1,1,345600,586500000,1600000000,0.8525350093841553,43750.0,39375.0
435,1,0,1,0,806400,765000000,204000000,0.9994127750396729,14411.0,39250.0
436,1,0,1,1,1881600,854250000,1331200000,0.22560906410217285,10858.0,39625.0
437,1,0,0,0,499200,1211250000,1600000000,0.5066668987274171,43502.0,40107.142857142855
438,1,0,1,1,1113600,586500000,1062400000,0.3466191291809082,43212.0,39500.0
439,1,0,0,1,1728000,586500000,408000000,0.5548570156097412,24241.0,39375.0
440,1,1,1,1,806400,318750000,1062400000,0.4410359859466553,37465.0,39400.0
441,1,0,1,1,960000,675750000,1062400000,0.33976101875305176,34755.0,39500.0
442,1,1,0,0,1728000,318750000,665600000,0.4946320056915283,38489.0,39562.5
443,1,1,0,1,1267200,675750000,1062400000,0.2949950695037842,42605.0,39625.0
444,1,0,1,0,345600,675750000,204000000,1.298964023590088,21465.0,39437.5
445,1,1,0,0,1574400,1122000000,665600000,0.409602165222168,38413.0,39791.66666666666
446,1,1,1,1,1881600,140250000,665600000,0.641718864440918,40890.0,39821.42857142857
447,1,0,1,0,806400,1300500000,1866000000,0.3743720054626465,56798.0,40500.0
448,1,1,1,1,1728000,765000000,408000000,0.4699890613555908,24892.0,39937.5
449,1,0,1,1,1728000,1300500000,68000000,2.9916379451751713,18564.0,39833.333333333336
450,1,0,0,0,652800,1300500000,102000000,2.1862270832061768,15437.0,39571.42857142857
451,1,0,0,1,1881600,943500000,408000000,0.3911268711090088,30641.0,39708.333333333336
452,1,0,1,0,806400,318750000,68000000,2.9289660453796387,14714.0,39250.0
453,1,0,0,1,1728000,497250000,665600000,0.4286110401153565,40204.0,39500.0
454,1,0,0,0,1881600,408000000,800000000,0.3510308265686035,40471.0,39725.0
455,1,1,0,1,1728000,408000000,204000000,0.9228620529174804,14675.0,39400.0
456,1,0,1,0,499200,586500000,40800000,26.98916912078857,27602.0,39000.0
457,1,0,1,1,2035200,765000000,665600000,0.2949481010437012,40470.0,39000.0
458,1,1,1,0,1881600,943500000,1866000000,0.2424042224884033,33745.0,39666.66666666666
459,1,0,0,0,1881600,1122000000,1866000000,0.1836080551147461,34955.0,40500.0
460,1,0,0,1,652800,854250000,408000000,1.222386121749878,22379.0,39275.0
461,1,0,0,0,960000,1211250000,102000000,2.4166419506073,18982.0,39166.66666666666
462,1,0,1,0,1728000,586500000,1600000000,0.2612869739532471,49330.0,39500.0
463,1,1,0,1,1728000,765000000,408000000,0.3898589611053467,29001.0,39400.0
464,1,1,0,0,2035200,229500000,1866000000,0.4138660430908203,69384.0,40041.66666666666
465,1,0,0,1,499200,497250000,1062400000,1.018319845199585,36969.0,39678.57142857143
466,1,0,0,1,1881600,854250000,1062400000,0.22997307777404785,10782.0,39843.75
467,1,0,0,1,652800,1032750000,408000000,1.17777419090271,23366.0,39583.333333333336
468,1,0,1,0,960000,229500000,1062400000,0.5523738861083984,43291.0,39666.66666666666
469,1,1,0,0,806400,140250000,1866000000,0.6655571460723877,56609.0,40104.16666666666
470,1,1,0,1,1420800,1122000000,665600000,0.5232248306274414,38262.0,40000.0
471,1,0,0,0,499200,1122000000,68000000,3.0752990245819087,14409.0,39687.5
472,1,1,0,1,960000,675750000,40800000,27.62848711013794,25734.0,39250.0
473,1,1,0,0,1267200,854250000,1600000000,0.32242703437805176,60498.0,39409.09090909091
474,1,1,0,0,345600,1122000000,665600000,1.2680439949035645,46946.0,39479.16666666666
475,1,0,1,1,1574400,586500000,102000000,1.7225561141967771,10979.0,39250.0
476,1,0,0,1,1574400,1211250000,1062400000,0.2899801731109619,53883.0,39750.0
477,1,1,0,0,1881600,1211250000,1331200000,0.17632412910461426,32843.0,39704.545454545456
478,1,0,0,1,1267200,854250000,1062400000,0.3143219947814941,45536.0,39678.57142857143
479,1,1,0,1,345600,1032750000,665600000,1.2169508934020996,28434.0,39458.333333333336
480,1,1,1,0,1113600,408000000,1600000000,0.2931969165802002,31091.0,39678.57142857143
481,1,1,1,1,806400,1122000000,408000000,0.7689208984375,22340.0,39625.0
482,1,1,0,1,2035200,318750000,204000000,1.0401020050048828,16123.0,39583.333333333336
483,1,1,1,1,1574400,675750000,800000000,0.3324398994445801,37846.0,39593.75
484,1,1,0,1,499200,1300500000,40800000,26.976172924041748,32320.0,40000.0
485,1,1,1,0,2035200,1211250000,68000000,3.3544018268585205,16275.0,40000.0
486,1,1,1,1,345600,1032750000,1062400000,0.8825368881225586,33728.0,39972.22222222222
487,1,0,1,1,345600,318750000,102000000,1.9287369251251218,19442.0,39583.333333333336
488,1,1,0,1,345600,1300500000,1062400000,1.1745140552520752,35206.0,39812.5
489,1,0,1,1,1267200,765000000,800000000,0.3602390289306641,30905.0,39937.5
490,1,0,1,1,806400,675750000,1331200000,0.5139868259429932,38985.0,39888.88888888888
491,1,1,1,0,806400,854250000,1600000000,0.3722059726715088,41767.0,39937.5
492,1,0,1,0,2035200,1300500000,1866000000,0.18516206741333008,36859.0,41250.0
493,1,0,1,1,1267200,943500000,665600000,0.5111470222473145,32742.0,40194.444444444445
494,1,0,1,1,499200,1211250000,408000000,1.17323899269104,31597.0,40000.0
495,1,1,0,0,1267200,1211250000,102000000,1.6805689334869385,16162.0,39900.0
496,1,0,1,1,1881600,408000000,800000000,0.2915019989013672,41382.0,40062.5
497,1,0,1,1,806400,140250000,1600000000,0.6654438972473145,46949.0,40178.57142857143
498,1,0,1,0,2035200,675750000,68000000,2.9111940860748287,11206.0,39900.0
499,1,0,1,0,345600,675750000,665600000,1.3994159698486328,48183.0,40055.55555555556
500,1,0,0,1,1420800,229500000,665600000,0.5049788951873779,38221.0,40035.71428571428
501,1,1,0,0,499200,765000000,665600000,1.3031840324401855,31979.0,39812.5
502,1,0,1,1,2035200,408000000,40800000,28.704548120498657,33076.0,39875.0
503,1,0,0,0,1113600,229500000,68000000,2.97967791557312,11361.0,39583.333333333336
504,1,0,0,1,806400,765000000,1866000000,0.6355478763580322,53138.0,40250.0
505,1,1,1,1,1113600,229500000,40800000,27.30046010017395,28706.0,39291.66666666666
506,1,0,1,1,2035200,943500000,204000000,0.7819800376892091,15895.0,39250.0
507,1,0,0,1,960000,675750000,1600000000,0.5117158889770508,47980.0,39500.0
508,1,0,0,1,345600,1211250000,1866000000,0.5953068733215332,56297.0,40000.0
509,1,0,1,1,345600,1032750000,68000000,3.810803890228272,19249.0,39416.66666666666
510,1,0,1,0,1113600,675750000,68000000,2.86286997795105,14296.0,39187.5
511,1,0,0,0,1113600,1122000000,102000000,1.8792290687561035,14942.0,39250.0
512,1,1,1,1,1881600,1032750000,800000000,0.2277319431304932,13718.0,39392.857142857145
513,1,1,1,0,1574400,229500000,204000000,1.0802819728851318,14106.0,39187.5
514,1,0,1,1,345600,765000000,800000000,0.8028140068054199,35523.0,39250.0
515,1,0,1,0,1574400,586500000,40800000,26.489476203918453,29431.0,39035.71428571428
516,1,1,0,1,499200,1211250000,1062400000,0.7146780490875244,30068.0,39214.28571428572
517,1,1,0,1,2035200,1032750000,800000000,0.22887301445007324,38490.0,39464.28571428572
518,1,0,1,0,499200,765000000,68000000,3.1598289012908936,10256.0,38937.5
519,1,1,0,0,499200,408000000,40800000,24.775943040847782,25047.0,38583.333333333336
520,1,1,0,0,1574400,765000000,800000000,0.45540213584899897,39940.0,38833.333333333336
521,1,0,0,0,2035200,229500000,800000000,0.5221099853515625,37832.0,39111.11111111112
522,1,0,1,0,345600,1300500000,408000000,0.9171922206878662,32699.0,38958.333333333336
523,1,1,1,1,1881600,765000000,1331200000,0.2155780792236328,51292.0,39113.63636363636
524,1,1,0,0,1420800,943500000,68000000,2.8704509735107417,12157.0,38850.0
525,1,1,0,1,806400,1032750000,204000000,1.191020965576172,17955.0,38812.5
526,1,1,1,1,499200,1300500000,800000000,0.6349489688873291,32285.0,39166.66666666666
527,1,1,1,1,1881600,854250000,1866000000,0.19771790504455566,30436.0,39642.857142857145
528,1,0,1,0,2035200,408000000,800000000,0.292449951171875,41422.0,39531.25
529,1,1,1,1,2035200,1122000000,102000000,1.99032998085022,18945.0,39250.0
530,1,0,0,1,652800,408000000,204000000,1.316762924194336,14144.0,39062.5
531,1,0,1,1,1420800,765000000,665600000,0.38088107109069824,36287.0,39194.444444444445
532,1,0,1,1,1267200,675750000,102000000,1.7158379554748535,16926.0,39000.0
533,1,1,1,0,652800,586500000,408000000,1.053667068481445,21311.0,38958.333333333336
534,1,0,1,0,652800,318750000,665600000,0.8919720649719238,37801.0,39062.5
535,1,1,0,1,2035200,586500000,1600000000,0.19848108291625974,12800.0,39400.0
536,1,1,0,1,499200,943500000,1062400000,0.6961648464202881,44507.0,39500.0
537,1,0,0,1,345600,586500000,102000000,2.136920213699341,19556.0,39062.5
538,1,0,0,0,1420800,140250000,665600000,0.8012738227844238,41347.0,39222.22222222222
539,1,0,1,0,1728000,1032750000,102000000,1.9661669731140137,11282.0,39250.0
540,1,0,1,0,960000,497250000,204000000,1.1712510585784912,16660.0,39000.0
541,1,0,1,0,960000,1211250000,800000000,0.7522749900817871,39788.0,39333.333333333336
542,1,1,0,1,1113600,1211250000,1331200000,0.2847189903259277,47026.0,39607.142857142855
543,1,1,1,1,1420800,1211250000,204000000,0.934722900390625,18449.0,39350.0
544,1,0,0,1,1113600,408000000,1600000000,0.3131718635559082,58448.0,39500.0
545,1,1,0,1,1420800,1211250000,204000000,0.8914399147033691,15133.0,39400.0
546,1,1,1,0,960000,1032750000,102000000,2.1482689380645748,14446.0,39166.66666666666
547,1,1,0,0,2035200,140250000,1866000000,0.5921440124511719,77261.0,40022.72727272727
548,1,0,1,0,652800,943500000,102000000,1.96104097366333,13839.0,39375.0
549,1,0,0,1,1881600,318750000,1331200000,0.3043360710144043,37527.0,39718.75
550,1,1,1,1,2035200,765000000,1600000000,0.21669983863830566,28722.0,39892.857142857145
551,1,1,1,1,2035200,1300500000,204000000,0.9163968563079834,16770.0,39900.0
552,1,1,0,0,499200,586500000,1866000000,0.4806768894195557,51658.0,40100.0
553,1,0,0,1,960000,586500000,204000000,1.0695641040802002,14182.0,39666.66666666666
554,1,0,1,0,1267200,1211250000,408000000,0.6794569492340088,27212.0,39875.0
555,1,0,0,0,1420800,765000000,102000000,1.6925649642944336,14410.0,39500.0
556,1,0,0,0,345600,854250000,665600000,0.5779609680175781,22865.0,39700.0
557,1,1,0,0,2035200,318750000,102000000,1.977410078048706,11208.0,39500.0
558,1,1,0,0,1113600,586500000,665600000,0.5601940155029297,33265.0,39527.77777777778
559,1,1,0,0,652800,1032750000,204000000,1.0602600574493408,20772.0,39500.0
560,1,0,1,1,1267200,675750000,102000000,1.953671932220459,11018.0,39400.0
561,1,0,0,1,1574400,854250000,1866000000,0.17734098434448242,12647.0,40000.0
562,1,0,0,0,1113600,408000000,1600000000,0.3135709762573242,35136.0,40071.42857142857
563,1,1,1,0,2035200,1211250000,665600000,0.28101205825805664,16535.0,40178.57142857143
564,1,1,0,1,1574400,943500000,1600000000,0.2237231731414795,51597.0,40178.57142857143
565,1,1,1,1,1728000,675750000,40800000,25.487804889678955,31182.0,39750.0
566,1,0,0,0,499200,1211250000,408000000,0.9098200798034668,25268.0,39750.0
567,1,0,1,0,1728000,765000000,408000000,0.4473497867584229,26571.0,39700.0
568,1,0,1,1,960000,497250000,68000000,3.233531951904297,16774.0,39333.333333333336
569,1,0,0,1,345600,675750000,800000000,0.9186201095581056,41915.0,39500.0
570,1,0,0,0,345600,765000000,68000000,3.1759629249572754,13343.0,39333.333333333336
571,1,1,1,0,499200,1211250000,204000000,1.3767719268798828,15397.0,39400.0
572,1,0,1,0,806400,1122000000,800000000,0.7295730113983154,35211.0,39472.22222222222
573,1,0,1,1,1881600,1300500000,1600000000,0.2516031265258789,61715.0,40090.90909090909
574,1,0,1,0,1113600,765000000,40800000,27.754154920578003,29927.0,39312.5
575,1,1,0,1,960000,854250000,1866000000,0.3090689182281494,51899.0,39750.0
576,1,1,0,1,2035200,318750000,800000000,0.38880801200866705,37651.0,39625.0
577,1,0,1,0,652800,1032750000,408000000,1.2947208881378174,44374.0,39375.0
578,1,1,0,1,806400,586500000,204000000,1.2152740955352783,16622.0,39250.0
579,1,0,0,0,1267200,1211250000,68000000,2.8048019409179688,12350.0,39375.0
580,1,1,0,0,499200,1300500000,40800000,25.929945945739746,28772.0,39857.142857142855
581,1,1,1,1,652800,408000000,1331200000,0.5363099575042725,34221.0,39593.75
582,1,0,0,1,960000,1032750000,102000000,1.8899738788604736,17460.0,39500.0
583,1,0,0,1,1267200,318750000,204000000,1.1714718341827393,17384.0,39333.333333333336
584,1,1,0,1,2035200,1300500000,204000000,0.77923583984375,17073.0,39666.66666666666
585,1,0,0,0,1420800,1122000000,1062400000,0.3534519672393799,35517.0,39975.0
586,1,1,1,1,1267200,497250000,1600000000,0.33412599563598633,24465.0,39785.71428571428
587,1,1,1,0,960000,229500000,1866000000,0.4180550575256348,47503.0,40178.57142857143
588,1,1,1,0,1420800,1300500000,1866000000,0.2541780471801758,40789.0,40800.0
589,1,0,1,0,1881600,1032750000,1866000000,0.20040607452392575,35187.0,40875.0
590,1,0,1,0,1574400,1122000000,204000000,0.9006490707397461,15551.0,40500.0
591,1,0,1,0,1574400,1032750000,1866000000,0.3478279113769531,37522.0,40704.545454545456
592,1,0,0,1,1728000,1122000000,408000000,0.5389208793640137,24393.0,40333.333333333336
593,1,0,0,1,1267200,1122000000,204000000,1.1556389331817627,18185.0,40250.0
594,1,0,1,1,652800,497250000,1600000000,0.4204189777374268,42566.0,40187.5
595,1,1,1,0,1728000,943500000,68000000,2.933216094970703,11702.0,40062.5
596,1,0,1,1,345600,140250000,1866000000,0.8797619342803955,38858.0,40472.22222222222
597,1,1,0,1,1113600,1032750000,68000000,3.3316810131073,13953.0,40083.333333333336
598,1,1,1,1,960000,854250000,204000000,0.9348890781402588,18221.0,40000.0
599,1,1,1,0,652800,408000000,1062400000,0.5585329532623291,37199.0,40107.142857142855
600,1,0,0,1,806400,497250000,40800000,26.938560962677002,28019.0,39500.0
601,1,0,0,1,652800,318750000,102000000,1.9527390003204343,13572.0,39208.333333333336
602,1,1,1,0,1113600,1032750000,800000000,0.5479569435119629,37536.0,39416.66666666666
603,1,0,0,0,806400,675750000,204000000,0.9342100620269777,19291.0,39250.0
604,1,1,0,0,499200,586500000,102000000,1.9896810054779053,13687.0,39125.0
605,1,0,1,0,1267200,318750000,68000000,2.941902875900269,13649.0,39125.0
606,1,1,1,1,806400,586500000,40800000,26.450031995773315,28058.0,38687.5
607,1,0,1,0,1728000,229500000,665600000,0.4914560317993164,39327.0,38166.66666666666
608,1,1,1,1,2035200,229500000,1331200000,0.40108489990234375,37146.0,38500.0
609,1,1,1,0,652800,1211250000,800000000,0.706873893737793,34298.0,38464.28571428572
610,1,0,0,1,960000,1032750000,1866000000,0.3381519317626953,60270.0,38772.72727272727
611,1,1,0,1,499200,586500000,1331200000,0.6407701969146729,38759.0,38406.25
612,1,1,0,1,806400,229500000,40800000,27.185549020767212,27714.0,37321.42857142857
613,1,0,1,0,1728000,854250000,665600000,0.37190794944763184,40668.0,36833.333333333336
614,1,1,1,1,652800,854250000,408000000,1.0175490379333496,28738.0,36650.0
615,1,1,0,1,1728000,675750000,408000000,0.3936021327972412,24581.0,36625.0
616,1,0,0,0,1420800,943500000,40800000,25.96587300300598,29394.0,36750.0
617,1,1,0,0,1420800,854250000,1600000000,0.2117600440979004,56545.0,36791.66666666666
618,1,1,0,1,1113600,854250000,408000000,0.6560888290405273,21956.0,36583.333333333336
619,1,1,1,0,1420800,1122000000,408000000,0.5538818836212158,23366.0,36571.42857142857
620,1,0,1,0,1574400,140250000,1062400000,0.6232228279113771,52018.0,36909.09090909091
621,1,1,0,0,960000,1211250000,68000000,3.138478994369507,10940.0,36750.0
622,1,0,1,1,960000,1300500000,102000000,2.165220022201538,14370.0,36750.0
623,1,1,1,0,1728000,140250000,665600000,0.6803579330444336,38299.0,36687.5
624,1,0,0,0,1728000,318750000,800000000,0.35874485969543457,39443.0,36916.66666666666
625,1,1,0,0,499200,229500000,1062400000,0.6813321113586426,40549.0,36937.5
626,1,0,0,0,960000,140250000,665600000,0.8111650943756104,40471.0,37125.0
627,1,0,1,0,1113600,140250000,204000000,1.4524381160736084,17041.0,36937.5
628,1,0,0,1,1267200,140250000,102000000,1.980010986328125,13190.0,36650.0
629,1,1,0,1,1113600,765000000,1600000000,0.4320518970489502,33574.0,37142.857142857145
630,1,0,1,0,1574400,854250000,665600000,0.5524749755859375,35059.0,37250.0
631,1,1,1,0,1881600,586500000,408000000,0.3928189277648926,11929.0,37625.0
632,1,1,1,0,1728000,408000000,102000000,2.018934965133667,11586.0,36916.66666666666
633,1,1,1,1,1113600,854250000,1331200000,0.34789109230041504,28352.0,37250.0
634,1,1,0,1,1881600,943500000,102000000,2.2475049495697017,14865.0,37000.0
635,1,0,1,0,960000,586500000,1600000000,0.3832130432128906,44778.0,37343.75
636,1,1,0,1,1574400,765000000,68000000,3.2492339611053467,16889.0,37125.0
637,1,0,1,0,2035200,140250000,665600000,0.7002968788146973,42719.0,37444.444444444445
638,1,0,1,0,1267200,1300500000,68000000,3.3035569190979004,15665.0,37500.0
639,1,0,1,0,1728000,1122000000,1331200000,0.18126988410949707,32879.0,37964.28571428572
640,1,1,1,0,1881600,765000000,1600000000,0.20752310752868647,32459.0,37916.66666666666
641,1,1,1,0,1113600,675750000,1866000000,0.3571491241455078,60727.0,38178.57142857143
642,1,0,0,0,806400,318750000,1600000000,0.44851088523864746,55929.0,38208.333333333336
643,1,1,1,0,1881600,586500000,408000000,0.4682531356811523,23936.0,38000.0
644,1,0,0,1,1113600,675750000,1331200000,0.3907630443572998,32621.0,37931.81818181818
645,1,0,0,0,1113600,1032750000,40800000,26.84089684486389,26836.0,38208.333333333336
646,1,0,1,0,652800,1211250000,1866000000,0.5706429481506348,51165.0,38800.0
647,1,0,0,1,1267200,765000000,1062400000,0.6277909278869629,37192.0,38700.0
648,1,0,0,0,652800,318750000,408000000,1.078134059906006,31139.0,38416.66666666666
649,1,1,0,0,1728000,1300500000,1600000000,0.20705509185791016,39502.0,39500.0
650,1,1,1,0,499200,1032750000,68000000,2.9537079334259038,11358.0,38500.0
651,1,0,1,0,1420800,1122000000,204000000,0.8825011253356934,20125.0,38666.66666666666
652,1,0,0,1,499200,229500000,68000000,3.344287872314453,13076.0,38300.0
653,1,0,0,1,1267200,854250000,68000000,3.223180055618286,11170.0,38375.0
654,1,0,0,1,1267200,408000000,1600000000,0.3151340484619141,57201.0,38636.36363636364
655,1,1,0,1,1420800,586500000,68000000,2.8417110443115234,10865.0,38437.5
656,1,0,1,1,1267200,586500000,1331200000,0.25189900398254395,9261.0,38642.857142857145
657,1,0,1,1,1728000,675750000,68000000,3.005290985107422,14563.0,38416.66666666666
658,1,1,1,0,1420800,1211250000,408000000,0.5324919223785399,26301.0,38678.57142857143
659,1,0,0,1,1113600,408000000,1062400000,0.7013940811157227,45729.0,38727.27272727273
660,1,0,1,0,652800,586500000,1600000000,0.917567014694214,48435.0,38906.25
661,1,1,1,1,345600,1300500000,1600000000,0.7477900981903076,45500.0,39312.5
662,1,1,0,1,1574400,229500000,1866000000,0.4113500118255615,69216.0,39625.0
663,1,1,1,1,806400,1211250000,204000000,1.1627459526062012,17956.0,39333.333333333336
664,1,0,1,0,1420800,675750000,800000000,0.3886198997497559,42795.0,39111.11111111112
665,1,1,1,1,1574400,229500000,1866000000,0.3983118534088135,49483.0,39625.0
666,1,1,1,1,499200,765000000,1866000000,0.5788919925689697,41082.0,39656.25
667,1,1,1,0,652800,229500000,665600000,0.7043180465698242,31637.0,39428.57142857143
668,1,0,0,0,1267200,943500000,408000000,1.2617108821868896,28319.0,39375.0
669,1,0,0,0,499200,318750000,204000000,1.1019442081451416,18451.0,39187.5
670,1,0,0,1,1881600,140250000,40800000,26.41840696334839,26342.0,39035.71428571428
671,1,0,1,1,345600,229500000,408000000,1.0196020603179932,32586.0,39166.66666666666
672,1,0,0,0,345600,1211250000,1331200000,0.4961409568786621,38024.0,39775.0
673,1,1,1,1,1113600,140250000,1866000000,0.6052708625793457,61868.0,39964.28571428572
674,1,1,1,1,806400,1300500000,102000000,2.0280327796936035,17992.0,39583.333333333336
675,1,0,0,1,345600,1300500000,1600000000,0.7900350093841553,50591.0,39692.307692307695
676,1,1,0,1,806400,943500000,408000000,0.8665800094604492,22226.0,39583.333333333336
677,1,0,1,1,806400,1122000000,665600000,0.552793025970459,31104.0,39593.75
678,1,1,0,1,1574400,765000000,665600000,0.4821829795837402,35519.0,39531.25
679,1,1,0,0,1267200,318750000,1600000000,0.5044941902160645,34906.0,39750.0
680,1,1,1,0,960000,318750000,1062400000,0.5074830055236816,39746.0,39750.0
681,1,0,0,1,960000,140250000,800000000,0.7571849822998047,37501.0,39718.75
682,1,0,1,0,499200,854250000,665600000,0.7613170146942139,34681.0,39714.28571428572
683,1,1,0,1,1881600,1032750000,1062400000,0.344789981842041,45487.0,40333.333333333336
684,1,0,0,0,1881600,1032750000,408000000,0.5082108974456787,32469.0,40125.0
685,1,1,1,1,1881600,1300500000,102000000,2.1748619079589844,16125.0,39916.66666666666
686,1,0,0,1,960000,675750000,408000000,0.6343660354614258,22186.0,39750.0
687,1,1,1,1,806400,140250000,102000000,2.1651380062103267,16851.0,39500.0
688,1,1,1,0,1113600,1211250000,800000000,0.4631390571594238,31859.0,39916.66666666666
689,1,0,0,1,1881600,1211250000,665600000,0.23613286018371585,43067.0,40250.0
690,1,1,0,0,345600,765000000,1600000000,0.8845751285552979,43356.0,40100.0
691,1,0,1,1,1113600,408000000,1600000000,0.3917560577392578,34221.0,40166.66666666666
692,1,1,1,1,345600,675750000,1600000000,0.8517699241638184,50487.0,40050.0
693,1,0,0,1,1420800,1300500000,40800000,27.21283793449402,33916.0,40718.75
694,1,0,0,1,1113600,1211250000,1331200000,0.3184049129486084,50223.0,40850.0
695,1,0,0,1,806400,675750000,1062400000,0.5908558368682861,48322.0,40611.11111111112
696,1,1,0,0,345600,1300500000,1331200000,0.6978158950805664,56251.0,40750.0
697,1,1,1,1,960000,140250000,1331200000,0.6794099807739258,47407.0,40892.857142857145
698,1,1,1,0,1113600,1032750000,1062400000,0.3883681297302246,45005.0,40875.0
699,1,0,0,1,345600,1122000000,1866000000,0.8249261379241943,69823.0,41343.75
700,1,1,0,0,960000,854250000,68000000,2.848783016204834,10752.0,40625.0
701,1,0,0,1,652800,675750000,1600000000,0.3398869037628174,48513.0,40875.0
702,1,0,0,0,1420800,765000000,1062400000,0.337907075881958,50534.0,40886.36363636364
703,1,1,0,1,652800,1032750000,204000000,1.1881380081176758,18681.0,40562.5
704,1,0,0,0,806400,1211250000,102000000,1.7109479904174805,18261.0,40625.0
705,1,1,0,1,652800,586500000,1600000000,0.4880781173706055,42339.0,40714.28571428572
706,1,0,0,1,1881600,140250000,800000000,0.6436920166015625,46949.0,40861.11111111112
707,1,0,1,1,499200,854250000,665600000,0.9029061794281006,31250.0,40750.0
708,1,1,1,1,1574400,1300500000,68000000,3.341683149337769,12196.0,41125.0
709,1,0,1,1,1113600,1032750000,1866000000,0.2844669818878174,29407.0,41107.142857142855
710,1,0,1,0,1113600,586500000,68000000,3.3618268966674805,13457.0,40416.66666666666
711,1,0,0,0,960000,318750000,1866000000,0.4097480773925781,48290.0,41050.0
712,1,1,0,0,1728000,854250000,1062400000,0.2729599475860596,30563.0,41083.333333333336
713,1,0,1,1,1728000,1300500000,800000000,0.28353404998779297,46300.0,40944.444444444445
714,1,1,0,0,1113600,318750000,1331200000,0.4376950263977051,28581.0,40886.36363636364
715,1,1,0,0,1881600,229500000,40800000,26.026113033294678,26264.0,40250.0
716,1,1,0,0,1881600,1032750000,1331200000,0.2471799850463867,39847.0,40541.66666666666
717,1,0,1,0,1574400,318750000,1866000000,0.3060030937194824,71689.0,40916.66666666666
718,1,0,0,1,652800,1032750000,40800000,28.2094509601593,29545.0,40250.0
719,1,1,0,1,1267200,497250000,665600000,0.3266630172729492,31636.0,39892.857142857145
720,1,1,0,0,1574400,140250000,1600000000,0.6142199039459229,61622.0,40346.15384615384
721,1,1,0,0,2035200,765000000,665600000,0.2974059581756592,42761.0,40321.42857142857
722,1,1,1,1,345600,318750000,1331200000,0.5691771507263184,29573.0,40300.0
723,1,1,1,1,1574400,408000000,1062400000,0.32262396812438965,42990.0,40312.5
724,1,1,0,1,345600,854250000,800000000,1.1834850311279297,28320.0,40333.333333333336
725,1,0,0,1,806400,497250000,102000000,2.353656053543091,13991.0,39916.66666666666
726,1,1,1,0,1420800,497250000,1331200000,0.2920851707458496,50303.0,40200.0
727,1,1,0,0,2035200,854250000,665600000,0.24857091903686526,39944.0,40708.333333333336
728,1,1,1,0,1881600,586500000,1331200000,0.2680070400238037,25686.0,40450.0
729,1,0,0,1,1420800,318750000,1062400000,0.4666619300842285,38870.0,40392.857142857145
730,1,1,0,0,1574400,1211250000,68000000,3.25827693939209,12843.0,40312.5
731,1,1,0,0,1267200,586500000,1062400000,0.6198291778564453,45119.0,40175.0
732,1,0,1,1,806400,1211250000,40800000,25.815648794174194,33117.0,40458.333333333336
733,1,1,0,1,652800,140250000,1062400000,0.7053210735321045,32812.0,40250.0
734,1,1,0,0,1881600,497250000,1600000000,0.2123579978942871,11011.0,40583.333333333336
735,1,1,0,0,499200,586500000,800000000,1.0540180206298828,43331.0,40326.92307692308
736,1,1,1,0,499200,1211250000,102000000,1.944751977920532,11398.0,40291.66666666666
737,1,1,1,1,345600,229500000,68000000,3.640861034393311,14715.0,39916.66666666666
738,1,0,1,1,1574400,765000000,1062400000,0.3145270347595215,41960.0,40250.0
739,1,1,1,0,652800,1122000000,1600000000,0.5396618843078613,42453.0,40458.333333333336
740,1,1,1,1,1267200,1122000000,1331200000,0.2473580837249756,33002.0,40428.57142857143
741,1,0,0,0,960000,229500000,40800000,26.857187986373898,23788.0,39500.0
742,1,0,1,1,806400,943500000,40800000,25.096848964691162,28392.0,39428.57142857143
743,1,1,1,1,1881600,1211250000,800000000,0.27927708625793457,39785.0,39687.5
744,1,1,1,0,1728000,140250000,1331200000,0.6086058616638184,31250.0,39750.0
745,1,0,1,1,499200,1300500000,408000000,0.9554440975189208,23896.0,39600.0
746,1,0,1,1,1728000,1300500000,1866000000,0.1570420265197754,61062.0,40500.0
747,1,1,1,0,960000,675750000,800000000,0.4329299926757813,33194.0,39861.11111111112
748,1,0,0,1,2035200,1122000000,1062400000,0.2877490520477295,33445.0,40071.42857142857
749,1,1,1,0,1574400,1032750000,1331200000,0.25235700607299805,35060.0,39954.545454545456
750,1,1,1,0,806400,586500000,800000000,0.6972219944000244,33116.0,39785.71428571428
751,1,0,1,0,1881600,765000000,1866000000,0.27952003479003906,67234.0,40450.0
752,1,1,1,1,345600,318750000,800000000,1.1716279983520508,24469.0,39875.0
753,1,0,1,1,2035200,318750000,800000000,0.3939981460571289,38757.0,40250.0
754,1,0,0,1,1574400,1032750000,408000000,0.37473607063293457,27712.0,39928.57142857143
755,1,1,0,1,806400,1300500000,1866000000,0.4178068637847901,56267.0,40450.0
756,1,0,1,0,1420800,943500000,408000000,0.5296649932861328,27331.0,40083.333333333336
757,1,0,1,0,1728000,408000000,800000000,0.44571614265441895,45775.0,40156.25
758,1,0,1,1,2035200,497250000,1331200000,0.2581789493560791,26103.0,40428.57142857143
759,1,1,1,1,1728000,675750000,800000000,0.35757899284362793,39631.0,40305.55555555556
760,1,0,1,1,806400,497250000,665600000,0.6436381340026855,29890.0,40000.0
761,1,1,0,0,1728000,586500000,102000000,2.2341790199279785,14029.0,39812.5
762,1,1,0,0,345600,586500000,204000000,1.6823980808258057,17689.0,39666.66666666666
763,1,0,0,0,960000,140250000,40800000,25.2367742061615,23446.0,39156.25
764,1,1,0,1,1728000,1032750000,665600000,0.3806829452514648,38945.0,39214.28571428572
765,1,1,0,0,1113600,408000000,665600000,0.7757670879364014,36627.0,39142.857142857145
766,1,1,1,0,806400,586500000,40800000,26.74599099159241,27828.0,38875.0
767,1,0,1,1,2035200,229500000,1331200000,0.40961313247680653,60131.0,39285.71428571428
768,1,0,0,1,2035200,318750000,1331200000,0.2893660068511963,59181.0,39500.0
769,1,1,0,1,1881600,943500000,800000000,0.2708721160888672,34603.0,39375.0
770,1,0,0,1,1113600,765000000,665600000,0.9083948135375975,29345.0,39250.0
771,1,0,0,0,806400,1032750000,1866000000,0.4581069946289063,41357.0,39900.0
772,1,1,0,0,499200,318750000,68000000,3.152428150177002,12924.0,39125.0
773,1,0,0,0,1728000,1211250000,68000000,3.33792495727539,12045.0,39200.0
774,1,1,0,0,345600,943500000,68000000,2.9808449745178223,15132.0,39125.0
775,1,1,0,0,1728000,140250000,40800000,26.776525020599365,26382.0,38906.25
776,1,1,0,0,1881600,765000000,1062400000,0.2476470470428467,28696.0,39250.0
777,1,1,0,1,1267200,1122000000,665600000,0.3833911418914795,33579.0,39312.5
778,1,0,1,1,1728000,497250000,40800000,26.59670400619507,29772.0,39035.71428571428
779,1,1,1,1,1881600,1122000000,204000000,0.9266221523284912,15706.0,39150.0
780,1,1,1,0,1113600,943500000,204000000,1.029745101928711,17308.0,39083.333333333336
781,1,0,0,1,652800,854250000,1331200000,0.418065071105957,33040.0,39388.88888888888
782,1,1,0,1,960000,1122000000,1062400000,0.4227800369262695,39860.0,39361.11111111112
783,1,1,1,0,499200,497250000,40800000,28.441111087799072,24550.0,38777.77777777778
784,1,1,0,1,1420800,675750000,800000000,0.346343994140625,39025.0,38843.75
785,1,0,0,0,1881600,497250000,800000000,0.3917880058288574,35706.0,39083.333333333336
786,1,0,0,0,1113600,140250000,1600000000,0.6448819637298584,52113.0,39406.25
787,1,0,1,1,1113600,943500000,1600000000,0.3766500949859619,49236.0,39400.0
788,1,0,0,1,499200,586500000,204000000,1.2133221626281738,17612.0,38937.5
789,1,0,1,0,2035200,1211250000,68000000,3.4464340209960938,12424.0,39333.333333333336
790,1,0,1,1,1881600,1032750000,40800000,25.72084808349609,29189.0,39625.0
791,1,1,0,0,1881600,1122000000,800000000,0.33682703971862793,41912.0,39857.142857142855
792,1,0,1,0,1574400,586500000,204000000,1.1997811794281006,14792.0,39625.0
793,1,1,0,1,960000,943500000,40800000,25.91938185691833,30231.0,39642.857142857145
794,1,0,0,0,345600,1032750000,102000000,2.1597108840942383,17193.0,39375.0
795,1,1,0,0,806400,675750000,1866000000,0.3507211208343506,57902.0,40000.0
796,1,1,1,1,499200,408000000,1331200000,0.4308960437774658,29195.0,39600.0
797,1,1,0,1,652800,1032750000,800000000,0.7233300209045409,32775.0,39638.88888888888
798,1,0,0,1,1881600,854250000,1866000000,0.1651020050048828,39732.0,40333.333333333336
